[    0.000000] Linux version 6.12.107+deb13-amd64 (debian-kernel@lists.debian.org) (x86_64-linux-gnu-gcc-14 (Debian 14.2.0-19) 14.2.0, GNU ld (GNU Binutils for Debian) 2.44) #1 SMP PREEMPT_DYNAMIC Debian 6.12.107-1 (2026-08-29)
[    0.000000] Command line: boot=live persistence username=bna hostname=bnasec console=ttyS0 bnasec.persisttest
[    0.000000] BIOS-provided physical RAM map:
[    0.000000] BIOS-e820: [mem 0x0000000000000000-0x000000000009fbff] usable
[    0.000000] BIOS-e820: [mem 0x000000000009fc00-0x000000000009ffff] reserved
[    0.000000] BIOS-e820: [mem 0x00000000000f0000-0x00000000000fffff] reserved
[    0.000000] BIOS-e820: [mem 0x0000000000100000-0x000000007ffddfff] usable
[    0.000000] BIOS-e820: [mem 0x000000007ffde000-0x000000007fffffff] reserved
[    0.000000] BIOS-e820: [mem 0x00000000fffc0000-0x00000000ffffffff] reserved
[    0.000000] BIOS-e820: [mem 0x000000fd00000000-0x000000ffffffffff] reserved
[    0.000000] NX (Execute Disable) protection: active
[    0.000000] APIC: Static calls initialized
[    0.000000] SMBIOS 2.8 present.
[    0.000000] DMI: QEMU Standard PC (i440FX + PIIX, 1996), BIOS 1.16.3-debian-1.16.3-2 04/01/2014
[    0.000000] DMI: Memory slots populated: 1/1
[    0.000000] AGP: No AGP bridge found
[    0.000000] last_pfn = 0x7ffde max_arch_pfn = 0x400000000
[    0.000000] MTRR map: 4 entries (3 fixed + 1 variable; max 19), built from 8 variable MTRRs
[    0.000000] x86/PAT: Configuration [0-7]: WB  WC  UC- UC  WB  WP  UC- WT  
[    0.000000] found SMP MP-table at [mem 0x000f5470-0x000f547f]
[    0.000000] RAMDISK: [mem 0x78309000-0x7ffcffff]
[    0.000000] ACPI: Early table checksum verification disabled
[    0.000000] ACPI: RSDP 0x00000000000F52A0 000014 (v00 BOCHS )
[    0.000000] ACPI: RSDT 0x000000007FFE23FE 000034 (v01 BOCHS  BXPC     00000001 BXPC 00000001)
[    0.000000] ACPI: FACP 0x000000007FFE22AA 000074 (v01 BOCHS  BXPC     00000001 BXPC 00000001)
[    0.000000] ACPI: DSDT 0x000000007FFE0040 00226A (v01 BOCHS  BXPC     00000001 BXPC 00000001)
[    0.000000] ACPI: FACS 0x000000007FFE0000 000040
[    0.000000] ACPI: APIC 0x000000007FFE231E 000080 (v03 BOCHS  BXPC     00000001 BXPC 00000001)
[    0.000000] ACPI: HPET 0x000000007FFE239E 000038 (v01 BOCHS  BXPC     00000001 BXPC 00000001)
[    0.000000] ACPI: WAET 0x000000007FFE23D6 000028 (v01 BOCHS  BXPC     00000001 BXPC 00000001)
[    0.000000] ACPI: Reserving FACP table memory at [mem 0x7ffe22aa-0x7ffe231d]
[    0.000000] ACPI: Reserving DSDT table memory at [mem 0x7ffe0040-0x7ffe22a9]
[    0.000000] ACPI: Reserving FACS table memory at [mem 0x7ffe0000-0x7ffe003f]
[    0.000000] ACPI: Reserving APIC table memory at [mem 0x7ffe231e-0x7ffe239d]
[    0.000000] ACPI: Reserving HPET table memory at [mem 0x7ffe239e-0x7ffe23d5]
[    0.000000] ACPI: Reserving WAET table memory at [mem 0x7ffe23d6-0x7ffe23fd]
[    0.000000] No NUMA configuration found
[    0.000000] Faking a node at [mem 0x0000000000000000-0x000000007ffddfff]
[    0.000000] NODE_DATA(0) allocated [mem 0x782de680-0x78308fff]
[    0.000000] Zone ranges:
[    0.000000]   DMA      [mem 0x0000000000001000-0x0000000000ffffff]
[    0.000000]   DMA32    [mem 0x0000000001000000-0x000000007ffddfff]
[    0.000000]   Normal   empty
[    0.000000]   Device   empty
[    0.000000] Movable zone start for each node
[    0.000000] Early memory node ranges
[    0.000000]   node   0: [mem 0x0000000000001000-0x000000000009efff]
[    0.000000]   node   0: [mem 0x0000000000100000-0x000000007ffddfff]
[    0.000000] Initmem setup node 0 [mem 0x0000000000001000-0x000000007ffddfff]
[    0.000000] On node 0, zone DMA: 1 pages in unavailable ranges
[    0.000000] On node 0, zone DMA: 97 pages in unavailable ranges
[    0.000000] On node 0, zone DMA32: 34 pages in unavailable ranges
[    0.000000] ACPI: PM-Timer IO Port: 0x608
[    0.000000] ACPI: LAPIC_NMI (acpi_id[0xff] dfl dfl lint[0x1])
[    0.000000] IOAPIC[0]: apic_id 0, version 32, address 0xfec00000, GSI 0-23
[    0.000000] ACPI: INT_SRC_OVR (bus 0 bus_irq 0 global_irq 2 dfl dfl)
[    0.000000] ACPI: INT_SRC_OVR (bus 0 bus_irq 5 global_irq 5 high level)
[    0.000000] ACPI: INT_SRC_OVR (bus 0 bus_irq 9 global_irq 9 high level)
[    0.000000] ACPI: INT_SRC_OVR (bus 0 bus_irq 10 global_irq 10 high level)
[    0.000000] ACPI: INT_SRC_OVR (bus 0 bus_irq 11 global_irq 11 high level)
[    0.000000] ACPI: Using ACPI (MADT) for SMP configuration information
[    0.000000] ACPI: HPET id: 0x8086a201 base: 0xfed00000
[    0.000000] CPU topo: Max. logical packages:   1
[    0.000000] CPU topo: Max. logical dies:       1
[    0.000000] CPU topo: Max. dies per package:   1
[    0.000000] CPU topo: Max. threads per core:   1
[    0.000000] CPU topo: Num. cores per package:     2
[    0.000000] CPU topo: Num. threads per package:   2
[    0.000000] CPU topo: Allowing 2 present CPUs plus 0 hotplug CPUs
[    0.000000] PM: hibernation: Registered nosave memory: [mem 0x00000000-0x00000fff]
[    0.000000] PM: hibernation: Registered nosave memory: [mem 0x0009f000-0x000fffff]
[    0.000000] [mem 0x80000000-0xfffbffff] available for PCI devices
[    0.000000] Booting paravirtualized kernel on bare hardware
[    0.000000] clocksource: refined-jiffies: mask: 0xffffffff max_cycles: 0xffffffff, max_idle_ns: 7645519600211568 ns
[    0.000000] setup_percpu: NR_CPUS:8192 nr_cpumask_bits:2 nr_cpu_ids:2 nr_node_ids:1
[    0.000000] percpu: Embedded 66 pages/cpu s233472 r8192 d28672 u1048576
[    0.000000] Kernel command line: boot=live persistence username=bna hostname=bnasec console=ttyS0 bnasec.persisttest
[    0.000000] Unknown kernel command line parameters "persistence boot=live username=bna", will be passed to user space.
[    0.000000] Dentry cache hash table entries: 262144 (order: 9, 2097152 bytes, linear)
[    0.000000] Inode-cache hash table entries: 131072 (order: 8, 1048576 bytes, linear)
[    0.000000] Fallback order for Node 0: 0 
[    0.000000] Built 1 zonelists, mobility grouping on.  Total pages: 524156
[    0.000000] Policy zone: DMA32
[    0.000000] mem auto-init: stack:all(zero), heap alloc:on, heap free:off
[    0.000000] AGP: Checking aperture...
[    0.000000] AGP: No AGP bridge found
[    0.000000] SLUB: HWalign=64, Order=0-3, MinObjects=0, CPUs=2, Nodes=1
[    0.000000] ftrace: allocating 45200 entries in 180 pages
[    0.000000] ftrace: allocated 180 pages with 4 groups
[    0.000000] Dynamic Preempt: voluntary
[    0.000000] rcu: Preemptible hierarchical RCU implementation.
[    0.000000] rcu: 	RCU restricting CPUs from NR_CPUS=8192 to nr_cpu_ids=2.
[    0.000000] 	Trampoline variant of Tasks RCU enabled.
[    0.000000] 	Rude variant of Tasks RCU enabled.
[    0.000000] 	Tracing variant of Tasks RCU enabled.
[    0.000000] rcu: RCU calculated value of scheduler-enlistment delay is 25 jiffies.
[    0.000000] rcu: Adjusting geometry for rcu_fanout_leaf=16, nr_cpu_ids=2
[    0.000000] RCU Tasks: Setting shift to 1 and lim to 1 rcu_task_cb_adjust=1 rcu_task_cpu_ids=2.
[    0.000000] RCU Tasks Rude: Setting shift to 1 and lim to 1 rcu_task_cb_adjust=1 rcu_task_cpu_ids=2.
[    0.000000] RCU Tasks Trace: Setting shift to 1 and lim to 1 rcu_task_cb_adjust=1 rcu_task_cpu_ids=2.
[    0.000000] NR_IRQS: 524544, nr_irqs: 440, preallocated irqs: 16
[    0.000000] rcu: srcu_init: Setting srcu_struct sizes based on contention.
[    0.000000] clocksource: jiffies: mask: 0xffffffff max_cycles: 0xffffffff, max_idle_ns: 7645041785100000 ns
[    0.000000] Console: colour VGA+ 80x25
[    0.000000] printk: legacy console [ttyS0] enabled
[    0.000000] ACPI: Core revision 20240827
[    0.000000] clocksource: hpet: mask: 0xffffffff max_cycles: 0xffffffff, max_idle_ns: 19112604467 ns
[    0.004000] APIC: Switch to symmetric I/O mode setup
[    0.004000] ..TIMER: vector=0x30 apic1=0 pin1=2 apic2=-1 pin2=-1
[    0.016000] ..MP-BIOS bug: 8254 timer not connected to IO-APIC
[    0.016000] ...trying to set up timer (IRQ0) through the 8259A ...
[    0.016000] ..... (found apic 0 pin 2) ...
[    0.036000] ....... works.
[    0.048000] tsc: Unable to calibrate against PIT
[    0.048000] tsc: using HPET reference calibration
[    0.048000] tsc: Detected 3199.999 MHz processor
[    0.000916] clocksource: tsc-early: mask: 0xffffffffffffffff max_cycles: 0x2e2048a8b6b, max_idle_ns: 440795205530 ns
[    0.001683] Calibrating delay loop (skipped), value calculated using timer frequency.. 6399.99 BogoMIPS (lpj=12799996)
[    0.008064] Last level iTLB entries: 4KB 512, 2MB 255, 4MB 127
[    0.008236] Last level dTLB entries: 4KB 512, 2MB 255, 4MB 127, 1GB 0
[    0.008776] Spectre V1 : Mitigation: usercopy/swapgs barriers and __user pointer sanitization
[    0.009187] Spectre V2 : Mitigation: Retpolines
[    0.009417] Spectre V2 : Spectre v2 / SpectreRSB: Filling RSB on context switch and VMEXIT
[    0.010877] x86/fpu: x87 FPU will use FXSAVE
[    0.189446] Freeing SMP alternatives memory: 40K
[    0.190858] pid_max: default: 32768 minimum: 301
[    0.204679] LSM: initializing lsm=lockdown,capability,landlock,yama,apparmor,tomoyo,bpf,ipe,ima,evm
[    0.208155] landlock: Up and running.
[    0.208270] Yama: disabled by default; enable with sysctl kernel.yama.*
[    0.215414] AppArmor: AppArmor initialized
[    0.215690] TOMOYO Linux initialized
[    0.217512] LSM support for eBPF active
[    0.223733] Mount-cache hash table entries: 4096 (order: 3, 32768 bytes, linear)
[    0.224066] Mountpoint-cache hash table entries: 4096 (order: 3, 32768 bytes, linear)
[    0.377361] smpboot: CPU0: AMD QEMU Virtual CPU version 2.5+ (family: 0xf, model: 0x6b, stepping: 0x1)
[    0.393122] Performance Events: PMU not available due to virtualization, using software events only.
[    0.395139] signal: max sigframe size: 1440
[    0.397130] rcu: Hierarchical SRCU implementation.
[    0.397782] rcu: 	Max phase no-delay instances is 1000.
[    0.400398] Timer migration: 1 hierarchy levels; 8 children per group; 1 crossnode level
[    0.411814] NMI watchdog: Perf NMI watchdog permanently disabled
[    0.414990] smp: Bringing up secondary CPUs ...
[    0.423929] smpboot: x86: Booting SMP configuration:
[    0.424103] .... node  #0, CPUs:      #1
[    0.518543] smp: Brought up 1 node, 2 CPUs
[    0.518806] smpboot: Total of 2 processors activated (12835.18 BogoMIPS)
[    0.578794] node 0 deferred pages initialised in 44ms
[    0.578884] Memory: 1882336K/2096624K available (16384K kernel code, 2499K rwdata, 11828K rodata, 4172K init, 4896K bss, 210104K reserved, 0K cma-reserved)
[    0.621361] devtmpfs: initialized
[    0.623722] x86/mm: Memory block size: 128MB
[    0.624975] futex hash table entries: 512 (order: 3, 32768 bytes, linear)
[    0.624975] pinctrl core: initialized pinctrl subsystem
[    0.629131] NET: Registered PF_NETLINK/PF_ROUTE protocol family
[    0.639056] DMA: preallocated 256 KiB GFP_KERNEL pool for atomic allocations
[    0.640297] DMA: preallocated 256 KiB GFP_KERNEL|GFP_DMA pool for atomic allocations
[    0.640900] DMA: preallocated 256 KiB GFP_KERNEL|GFP_DMA32 pool for atomic allocations
[    0.641534] audit: initializing netlink subsys (disabled)
[    0.642653] audit: type=2000 audit(1789487962.692:1): state=initialized audit_enabled=0 res=1
[    0.678707] thermal_sys: Registered thermal governor 'fair_share'
[    0.678782] thermal_sys: Registered thermal governor 'bang_bang'
[    0.678918] thermal_sys: Registered thermal governor 'step_wise'
[    0.678991] thermal_sys: Registered thermal governor 'user_space'
[    0.679069] thermal_sys: Registered thermal governor 'power_allocator'
[    0.679756] cpuidle: using governor ladder
[    0.679756] cpuidle: using governor menu
[    0.682942] acpiphp: ACPI Hot Plug PCI Controller Driver version: 0.5
[    0.687892] PCI: Using configuration type 1 for base access
[    0.688738] mtrr: your CPUs had inconsistent fixed MTRR settings
[    0.688863] mtrr: your CPUs had inconsistent variable MTRR settings
[    0.688949] mtrr: your CPUs had inconsistent MTRRdefType settings
[    0.689021] mtrr: probably your BIOS does not setup all CPUs.
[    0.689095] mtrr: corrected configuration.
[    0.691334] kprobes: kprobe jump-optimization is enabled. All kprobes are optimized if possible.
[    0.795441] HugeTLB: registered 2.00 MiB page size, pre-allocated 0 pages
[    0.795690] HugeTLB: 28 KiB vmemmap can be freed for a 2.00 MiB page
[    0.824011] ACPI: Added _OSI(Module Device)
[    0.824158] ACPI: Added _OSI(Processor Device)
[    0.824217] ACPI: Added _OSI(Processor Aggregator Device)
[    0.848021] ACPI: 1 ACPI AML tables successfully acquired and loaded
[    0.871743] ACPI: Interpreter enabled
[    0.873411] ACPI: PM: (supports S0 S3 S4 S5)
[    0.873561] ACPI: Using IOAPIC for interrupt routing
[    0.874290] PCI: Using host bridge windows from ACPI; if necessary, use "pci=nocrs" and report a bug
[    0.874457] PCI: Using E820 reservations for host bridge windows
[    0.876364] ACPI: Enabled 2 GPEs in block 00 to 0F
[    0.919189] ACPI: PCI Root Bridge [PCI0] (domain 0000 [bus 00-ff])
[    0.920330] acpi PNP0A03:00: _OSC: OS supports [ASPM ClockPM Segments MSI HPX-Type3]
[    0.920674] acpi PNP0A03:00: _OSC: not requesting OS control; OS requires [ExtendedConfig ASPM ClockPM MSI]
[    0.921858] acpi PNP0A03:00: fail to add MMCONFIG information, can't access extended configuration space under this bridge
[    0.929715] acpiphp: Slot [3] registered
[    0.930023] acpiphp: Slot [4] registered
[    0.930161] acpiphp: Slot [5] registered
[    0.930352] acpiphp: Slot [6] registered
[    0.930474] acpiphp: Slot [7] registered
[    0.930580] acpiphp: Slot [8] registered
[    0.930681] acpiphp: Slot [9] registered
[    0.930781] acpiphp: Slot [10] registered
[    0.930885] acpiphp: Slot [11] registered
[    0.930988] acpiphp: Slot [12] registered
[    0.931117] acpiphp: Slot [13] registered
[    0.931268] acpiphp: Slot [14] registered
[    0.931430] acpiphp: Slot [15] registered
[    0.931541] acpiphp: Slot [16] registered
[    0.931644] acpiphp: Slot [17] registered
[    0.931749] acpiphp: Slot [18] registered
[    0.931850] acpiphp: Slot [19] registered
[    0.931952] acpiphp: Slot [20] registered
[    0.932076] acpiphp: Slot [21] registered
[    0.932181] acpiphp: Slot [22] registered
[    0.932297] acpiphp: Slot [23] registered
[    0.932410] acpiphp: Slot [24] registered
[    0.932518] acpiphp: Slot [25] registered
[    0.932617] acpiphp: Slot [26] registered
[    0.932718] acpiphp: Slot [27] registered
[    0.932819] acpiphp: Slot [28] registered
[    0.932945] acpiphp: Slot [29] registered
[    0.933077] acpiphp: Slot [30] registered
[    0.933179] acpiphp: Slot [31] registered
[    0.933669] PCI host bridge to bus 0000:00
[    0.934162] pci_bus 0000:00: root bus resource [io  0x0000-0x0cf7 window]
[    0.934459] pci_bus 0000:00: root bus resource [io  0x0d00-0xffff window]
[    0.934550] pci_bus 0000:00: root bus resource [mem 0x000a0000-0x000bffff window]
[    0.934688] pci_bus 0000:00: root bus resource [mem 0x80000000-0xfebfffff window]
[    0.934775] pci_bus 0000:00: root bus resource [mem 0x100000000-0x17fffffff window]
[    0.935056] pci_bus 0000:00: root bus resource [bus 00-ff]
[    0.936845] pci 0000:00:00.0: [8086:1237] type 00 class 0x060000 conventional PCI endpoint
[    0.942717] pci 0000:00:01.0: [8086:7000] type 00 class 0x060100 conventional PCI endpoint
[    0.944161] pci 0000:00:01.1: [8086:7010] type 00 class 0x010180 conventional PCI endpoint
[    0.946944] pci 0000:00:01.1: BAR 4 [io  0xc060-0xc06f]
[    0.948084] pci 0000:00:01.1: BAR 0 [io  0x01f0-0x01f7]: legacy IDE quirk
[    0.948321] pci 0000:00:01.1: BAR 1 [io  0x03f6]: legacy IDE quirk
[    0.948488] pci 0000:00:01.1: BAR 2 [io  0x0170-0x0177]: legacy IDE quirk
[    0.948601] pci 0000:00:01.1: BAR 3 [io  0x0376]: legacy IDE quirk
[    0.949936] pci 0000:00:01.2: [8086:7020] type 00 class 0x0c0300 conventional PCI endpoint
[    0.952174] pci 0000:00:01.2: BAR 4 [io  0xc040-0xc05f]
[    0.959891] pci 0000:00:01.3: [8086:7113] type 00 class 0x068000 conventional PCI endpoint
[    0.961969] pci 0000:00:01.3: quirk: [io  0x0600-0x063f] claimed by PIIX4 ACPI
[    0.962161] pci 0000:00:01.3: quirk: [io  0x0700-0x070f] claimed by PIIX4 SMB
[    0.963301] pci 0000:00:02.0: [1234:1111] type 00 class 0x030000 conventional PCI endpoint
[    0.964244] pci 0000:00:02.0: BAR 0 [mem 0xfd000000-0xfdffffff pref]
[    0.965700] pci 0000:00:02.0: BAR 2 [mem 0xfebf0000-0xfebf0fff]
[    0.968319] pci 0000:00:02.0: ROM [mem 0xfebe0000-0xfebeffff pref]
[    0.968939] pci 0000:00:02.0: Video device with shadowed ROM at [mem 0x000c0000-0x000dffff]
[    0.970658] pci 0000:00:03.0: [8086:100e] type 00 class 0x020000 conventional PCI endpoint
[    0.971417] pci 0000:00:03.0: BAR 0 [mem 0xfebc0000-0xfebdffff]
[    0.972206] pci 0000:00:03.0: BAR 1 [io  0xc000-0xc03f]
[    0.975968] pci 0000:00:03.0: ROM [mem 0xfeb80000-0xfebbffff pref]
[    0.986285] ACPI: PCI: Interrupt link LNKA configured for IRQ 10
[    0.987194] ACPI: PCI: Interrupt link LNKB configured for IRQ 10
[    0.987718] ACPI: PCI: Interrupt link LNKC configured for IRQ 11
[    0.988165] ACPI: PCI: Interrupt link LNKD configured for IRQ 11
[    0.988456] ACPI: PCI: Interrupt link LNKS configured for IRQ 9
[    0.995057] iommu: Default domain type: Translated
[    0.995057] iommu: DMA domain TLB invalidation policy: lazy mode
[    0.998849] pps_core: LinuxPPS API ver. 1 registered
[    0.998994] pps_core: Software ver. 5.3.6 - Copyright 2005-2007 Rodolfo Giometti <giometti@linux.it>
[    0.999178] PTP clock support registered
[    0.999633] EDAC MC: Ver: 3.0.0
[    1.015306] NetLabel: Initializing
[    1.015444] NetLabel:  domain hash size = 128
[    1.015523] NetLabel:  protocols = UNLABELED CIPSOv4 CALIPSO
[    1.016557] NetLabel:  unlabeled traffic allowed by default
[    1.016672] PCI: Using ACPI for IRQ routing
[    1.024352] pci 0000:00:02.0: vgaarb: setting as boot VGA device
[    1.024352] pci 0000:00:02.0: vgaarb: bridge control possible
[    1.024352] pci 0000:00:02.0: vgaarb: VGA device added: decodes=io+mem,owns=io+mem,locks=none
[    1.024352] vgaarb: loaded
[    1.026416] hpet: 3 channels of 0 reserved for per-cpu timers
[    1.026874] hpet0: at MMIO 0xfed00000, IRQs 2, 8, 0
[    1.027046] hpet0: 3 comparators, 64-bit 100.000000 MHz counter
[    1.034478] clocksource: Switched to clocksource tsc-early
[    1.042938] VFS: Disk quotas dquot_6.6.0
[    1.043807] VFS: Dquot-cache hash table entries: 512 (order 0, 4096 bytes)
[    1.051273] AppArmor: AppArmor Filesystem Enabled
[    1.052066] pnp: PnP ACPI init
[    1.058424] pnp: PnP ACPI: found 6 devices
[    1.099148] clocksource: acpi_pm: mask: 0xffffff max_cycles: 0xffffff, max_idle_ns: 2085701024 ns
[    1.101652] NET: Registered PF_INET protocol family
[    1.103812] IP idents hash table entries: 32768 (order: 6, 262144 bytes, linear)
[    1.174027] tcp_listen_portaddr_hash hash table entries: 1024 (order: 2, 16384 bytes, linear)
[    1.174653] Table-perturb hash table entries: 65536 (order: 6, 262144 bytes, linear)
[    1.175407] TCP established hash table entries: 16384 (order: 5, 131072 bytes, linear)
[    1.176352] TCP bind hash table entries: 16384 (order: 7, 524288 bytes, linear)
[    1.177205] TCP: Hash tables configured (established 16384 bind 16384)
[    1.179649] MPTCP token hash table entries: 2048 (order: 4, 49152 bytes, linear)
[    1.180359] UDP hash table entries: 1024 (order: 3, 32768 bytes, linear)
[    1.180809] UDP-Lite hash table entries: 1024 (order: 3, 32768 bytes, linear)
[    1.183189] NET: Registered PF_UNIX/PF_LOCAL protocol family
[    1.183904] NET: Registered PF_XDP protocol family
[    1.185202] pci_bus 0000:00: resource 4 [io  0x0000-0x0cf7 window]
[    1.185339] pci_bus 0000:00: resource 5 [io  0x0d00-0xffff window]
[    1.185422] pci_bus 0000:00: resource 6 [mem 0x000a0000-0x000bffff window]
[    1.185440] pci_bus 0000:00: resource 7 [mem 0x80000000-0xfebfffff window]
[    1.185721] pci_bus 0000:00: resource 8 [mem 0x100000000-0x17fffffff window]
[    1.186473] pci 0000:00:01.0: PIIX3: Enabling Passive Release
[    1.186680] pci 0000:00:00.0: Limiting direct PCI/PCI transfers
[    1.194983] ACPI: \_SB_.LNKD: Enabled at IRQ 11
[    1.200185] pci 0000:00:01.2: quirk_usb_early_handoff+0x0/0x750 took 12994 usecs
[    1.200897] PCI: CLS 0 bytes, default 64
[    1.209766] Trying to unpack rootfs image as initramfs...
[    1.210249] Initialise system trusted keyrings
[    1.212794] Key type blacklist registered
[    1.214964] workingset: timestamp_bits=36 max_order=19 bucket_order=0
[    1.215395] zbud: loaded
[    1.220637] fuse: init (API version 7.41)
[    1.226993] integrity: Platform Keyring initialized
[    1.227494] integrity: Machine keyring initialized
[    1.389916] Key type asymmetric registered
[    1.390242] Asymmetric key parser 'x509' registered
[    2.225946] tsc: Refined TSC clocksource calibration: 3199.987 MHz
[    2.226627] clocksource: tsc: mask: 0xffffffffffffffff max_cycles: 0x2e203dc039a, max_idle_ns: 440795220849 ns
[    2.228000] clocksource: Switched to clocksource tsc
[    5.460664] Freeing initrd memory: 127772K
[    5.642443] Block layer SCSI generic (bsg) driver version 0.4 loaded (major 246)
[    5.643875] io scheduler mq-deadline registered
[    5.658797] ledtrig-cpu: registered to indicate activity on CPUs
[    5.659945] shpchp: Standard Hot Plug PCI Controller Driver version: 0.4
[    5.667184] Serial: 8250/16550 driver, 4 ports, IRQ sharing enabled
[    5.673796] 00:04: ttyS0 at I/O 0x3f8 (irq = 4, base_baud = 115200) is a 16550A
[    5.685298] Linux agpgart interface v0.103
[    5.696436] i8042: PNP: PS/2 Controller [PNP0303:KBD,PNP0f13:MOU] at 0x60,0x64 irq 1,12
[    5.701168] serio: i8042 KBD port at 0x60,0x64 irq 1
[    5.701853] serio: i8042 AUX port at 0x60,0x64 irq 12
[    5.704381] mousedev: PS/2 mouse device common for all mice
[    5.706264] rtc_cmos 00:05: RTC can wake from S4
[    5.708964] input: AT Translated Set 2 keyboard as /devices/platform/i8042/serio0/input/input0
[    5.711882] rtc_cmos 00:05: registered as rtc0
[    5.712845] rtc_cmos 00:05: setting system clock to 2026-09-15T15:59:28 UTC (1789487968)
[    5.715797] rtc_cmos 00:05: alarms up to one day, y3k, 242 bytes nvram, hpet irqs
[    5.716422] amd_pstate: the _CPC object is not present in SBIOS or ACPI disabled
[    5.721035] NET: Registered PF_INET6 protocol family
[    5.807258] Segment Routing with IPv6
[    5.807846] In-situ OAM (IOAM) with IPv6
[    5.808531] mip6: Mobile IPv6
[    5.809002] NET: Registered PF_PACKET protocol family
[    5.810310] mpls_gso: MPLS GSO support
[    5.814469] IPI shorthand broadcast: enabled
[    5.847944] sched_clock: Marking stable (5896600641, -50638397)->(5951137659, -105175415)
[    5.858840] registered taskstats version 1
[    5.862134] Loading compiled-in X.509 certificates
[    6.002965] Loaded X.509 cert 'Build time autogenerated kernel key: 092fa7c73d21b4c79e449372fdf50a49a6f4ec79'
[    6.021293] Demotion targets for Node 0: null
[    6.023646] Key type .fscrypt registered
[    6.023793] Key type fscrypt-provisioning registered
[    6.307593] Key type encrypted registered
[    6.307880] AppArmor: AppArmor sha256 policy hashing enabled
[    6.308703] ima: No TPM chip found, activating TPM-bypass!
[    6.308889] ima: Allocated hash algorithm: sha256
[    6.311528] ima: No architecture policies found
[    6.312465] evm: Initialising EVM extended attributes:
[    6.312603] evm: security.selinux
[    6.312690] evm: security.SMACK64 (disabled)
[    6.312750] evm: security.SMACK64EXEC (disabled)
[    6.312805] evm: security.SMACK64TRANSMUTE (disabled)
[    6.312861] evm: security.SMACK64MMAP (disabled)
[    6.312911] evm: security.apparmor
[    6.312955] evm: security.ima
[    6.312991] evm: security.capability
[    6.313042] evm: HMAC attrs: 0x1
[    6.594360] RAS: Correctable Errors collector initialized.
[    6.738472] clk: Disabling unused clocks
[    6.738915] PM: genpd: Disabling unused power domains
[    6.801212] Freeing unused decrypted memory: 2028K
[    6.936700] Freeing unused kernel image (initmem) memory: 4172K
[    6.937549] Write protecting the kernel read-only data: 28672k
[    6.940271] Freeing unused kernel image (rodata/data gap) memory: 460K
[    7.122255] x86/mm: Checked W+X mappings: passed, no W+X pages found.
[    7.122759] Run /init as init process
Loading, please wait...
Starting systemd-udevd version 257.13-1~deb13u1
[    8.493142] input: Power Button as /devices/LNXSYSTM:00/LNXPWRBN:00/input/input2
[    8.500674] ACPI: button: Power Button [PWRF]
[    8.888689] Floppy drive(s): fd0 is 2.88M AMI BIOS
[    8.909675] FDC 0 is a S82078B
[    9.134447] piix4_smbus 0000:00:01.3: SMBus Host Controller at 0x700, revision 0
[    9.136521] i2c i2c-0: Memory type 0x07 not supported yet, not instantiating SPD
[    9.585169] e1000: Intel(R) PRO/1000 Network Driver
[    9.585393] e1000: Copyright (c) 1999-2006 Intel Corporation.
[    9.633907] ACPI: \_SB_.LNKC: Enabled at IRQ 10
[    9.995610] ACPI: bus type USB registered
[   10.007018] usbcore: registered new interface driver usbfs
[   10.007375] usbcore: registered new interface driver hub
[   10.007682] usbcore: registered new device driver usb
[   10.042148] SCSI subsystem initialized
[   10.194762] ACPI: bus type drm_connector registered
[   10.244544] input: ImExPS/2 Generic Explorer Mouse as /devices/platform/i8042/serio1/input/input3
[   10.400243] uhci_hcd 0000:00:01.2: UHCI Host Controller
[   10.400947] uhci_hcd 0000:00:01.2: new USB bus registered, assigned bus number 1
[   10.401782] uhci_hcd 0000:00:01.2: detected 2 ports
[   10.402600] uhci_hcd 0000:00:01.2: irq 11, io port 0x0000c040
[   10.447795] usb usb1: New USB device found, idVendor=1d6b, idProduct=0001, bcdDevice= 6.12
[   10.448107] usb usb1: New USB device strings: Mfr=3, Product=2, SerialNumber=1
[   10.448308] usb usb1: Product: UHCI Host Controller
[   10.448441] usb usb1: Manufacturer: Linux 6.12.107+deb13-amd64 uhci_hcd
[   10.448570] usb usb1: SerialNumber: 0000:00:01.2
[   10.463425] hub 1-0:1.0: USB hub found
[   10.464332] hub 1-0:1.0: 2 ports detected
[   10.563216] e1000 0000:00:03.0 eth0: (PCI:33MHz:32-bit) 52:54:00:12:34:56
[   10.563976] e1000 0000:00:03.0 eth0: Intel(R) PRO/1000 Network Connection
[   10.683990] e1000 0000:00:03.0 ens3: renamed from eth0
[   10.705929] usb 1-1: new full-speed USB device number 2 using uhci_hcd
[   10.848667] bochs-drm 0000:00:02.0: vgaarb: deactivate vga console
[   10.851012] Console: switching to colour dummy device 80x25
[   10.855570] [drm] Found bochs VGA, ID 0xb0c5.
[   10.855732] [drm] Framebuffer size 16384 kB @ 0xfd000000, mmio @ 0xfebf0000.
[   10.862200] [drm] Found EDID data blob.
[   10.864022] scsi host0: ata_piix
[   10.871047] [drm] Initialized bochs-drm 1.0.0 for 0000:00:02.0 on minor 0
[   10.873903] scsi host1: ata_piix
[   10.875026] ata1: PATA max MWDMA2 cmd 0x1f0 ctl 0x3f6 bmdma 0xc060 irq 14 lpm-pol 0
[   10.875209] ata2: PATA max MWDMA2 cmd 0x170 ctl 0x376 bmdma 0xc068 irq 15 lpm-pol 0
[   10.897963] fbcon: bochs-drmdrmfb (fb0) is primary device
[   10.913099] usb 1-1: New USB device found, idVendor=46f4, idProduct=0001, bcdDevice= 0.00
[   10.913144] usb 1-1: New USB device strings: Mfr=1, Product=2, SerialNumber=3
[   10.913155] usb 1-1: Product: QEMU USB HARDDRIVE
[   10.913164] usb 1-1: Manufacturer: QEMU
[   10.913171] usb 1-1: SerialNumber: 1-0000:00:01.2-1
[   10.935684] Console: switching to colour frame buffer device 160x50
[   10.954284] bochs-drm 0000:00:02.0: [drm] fb0: bochs-drmdrmfb frame buffer device
[   11.031527] usb-storage 1-1:1.0: USB Mass Storage device detected
[   11.035298] scsi host2: usb-storage 1-1:1.0
[   11.036504] usbcore: registered new interface driver usb-storage
[   11.051974] ata2: found unknown device (class 0)
[   11.056503] ata2.00: ATAPI: QEMU DVD-ROM, 2.5+, max UDMA/100
[   11.071163] scsi 1:0:0:0: CD-ROM            QEMU     QEMU DVD-ROM     2.5+ PQ: 0 ANSI: 5
[   11.186404] usbcore: registered new interface driver uas
[   11.348558] sr 1:0:0:0: [sr0] scsi3-mmc drive: 4x/4x cd/rw xa/form2 tray
[   11.414272] cdrom: Uniform CD-ROM driver Revision: 3.20
[   12.056336] scsi 2:0:0:0: Direct-Access     QEMU     QEMU HARDDISK    2.5+ PQ: 0 ANSI: 5
[   12.130643] sd 2:0:0:0: [sda] 16777216 512-byte logical blocks: (8.59 GB/8.00 GiB)
[   12.134397] sd 2:0:0:0: [sda] Write Protect is off
[   12.138282] sd 2:0:0:0: [sda] Write cache: enabled, read cache: enabled, doesn't support DPO or FUA
[   12.192064]  sda: sda1 sda2
[   12.195082] sd 2:0:0:0: [sda] Attached SCSI removable disk
Begin: Loading essential drivers ... done.
Begin: Running /scripts/init-premount ... [   14.026027] I/O error, dev fd0, sector 0 op 0x0:(READ) flags 0x0 phys_seg 1 prio class 2
[   14.026313] floppy: error 10 while reading block 0
[   14.949711] I/O error, dev fd0, sector 0 op 0x0:(READ) flags 0x0 phys_seg 1 prio class 2
[   14.949949] floppy: error 10 while reading block 0
[bnasec-persist-early] boot medium: /dev/sda1
[bnasec-persist-early] disk 512B-sectors: 16777216, last partition ends at: 3085952
[bnasec-persist-early] appending partition sda3: start=3086336 size=13690780 (6684MiB)
[   16.888247]  sda: sda1 sda2 sda3
[   16.990009]  sda: sda1 sda2 sda3
[   19.974195] random: crng init done
[bnasec-persist-early] formatting /dev/sda3 as ext4 labeled persistence ...
[   58.110489] hrtimer: interrupt took 32219083 ns
[  114.402452] Invalid ELF header magic: != ELF
[  114.658156] EXT4-fs (sda3): mounted filesystem be299ba4-340a-4bed-a54a-c63b33b699ac r/w without journal. Quota mode: none.
[  115.055171] EXT4-fs (sda3): unmounting filesystem be299ba4-340a-4bed-a54a-c63b33b699ac.
[bnasec-persist-early] persistence.conf written — whole-root persistence activates THIS boot
[0;21;32mLinux version 6.12.107+deb13-amd64 (debian-kernel@lists.debian.org) (x86_64-linux-gnu-gcc-14 (Debian 14.2.0-19) 14.2.0, GNU ld (GNU Binutils for Debian) 2.44) #1 SMP PREEMPT_DYNAMIC Debian 6.12.107-1 (2026-08-29)[0m
[0;21;39mCommand line: boot=live persistence username=bna hostname=bnasec console=ttyS0 bnasec.persisttest[0m
[0;21;39mBIOS-provided physical RAM map:[0m
[0;21;39mBIOS-e820: [mem 0x0000000000000000-0x000000000009fbff] usable[0m
[0;21;39mBIOS-e820: [mem 0x000000000009fc00-0x000000000009ffff] reserved[0m
[0;21;39mBIOS-e820: [mem 0x00000000000f0000-0x00000000000fffff] reserved[0m
[0;21;39mBIOS-e820: [mem 0x0000000000100000-0x000000007ffddfff] usable[0m
[0;21;39mBIOS-e820: [mem 0x000000007ffde000-0x000000007fffffff] reserved[0m
[0;21;39mBIOS-e820: [mem 0x00000000fffc0000-0x00000000ffffffff] reserved[0m
[0;21;39mBIOS-e820: [mem 0x000000fd00000000-0x000000ffffffffff] reserved[0m
[0;21;39mNX (Execute Disable) protection: active[0m
[0;21;39mAPIC: Static calls initialized[0m
[0;21;39mSMBIOS 2.8 present.[0m
[0;21;39mDMI: QEMU Standard PC (i440FX + PIIX, 1996), BIOS 1.16.3-debian-1.16.3-2 04/01/2014[0m
[0;21;39mDMI: Memory slots populated: 1/1[0m
[0;21;39me820: update [mem 0x00000000-0x00000fff] usable ==> reserved[0m
[0;21;39me820: remove [mem 0x000a0000-0x000fffff] usable[0m
[0;21;39mAGP: No AGP bridge found[0m
[0;21;39mlast_pfn = 0x7ffde max_arch_pfn = 0x400000000[0m
[0;21;39mMTRR map: 4 entries (3 fixed + 1 variable; max 19), built from 8 variable MTRRs[0m
[0;21;39mx86/PAT: Configuration [0-7]: WB  WC  UC- UC  WB  WP  UC- WT  [0m
[0;21;39mfound SMP MP-table at [mem 0x000f5470-0x000f547f][0m
[0;21;39mRAMDISK: [mem 0x78309000-0x7ffcffff][0m
[0;21;39mACPI: Early table checksum verification disabled[0m
[0;21;39mACPI: RSDP 0x00000000000F52A0 000014 (v00 BOCHS )[0m
done.[0;21;39mACPI: RSDT 0x000000007FFE23FE 000034 (v01 BOCHS  BXPC     00000001 BXPC 00000001)[0m

Begin: Mounting root file system ... [0;21;39mACPI: FACP 0x000000007FFE22AA 000074 (v01 BOCHS  BXPC     00000001 BXPC 00000001)[0m
[0;21;39mACPI: DSDT 0x000000007FFE0040 00226A (v01 BOCHS  BXPC     00000001 BXPC 00000001)[0m
[0;21;39mACPI: FACS 0x000000007FFE0000 000040[0m
[0;21;39mACPI: APIC 0x000000007FFE231E 000080 (v03 BOCHS  BXPC     00000001 BXPC 00000001)[0m
[0;21;39mACPI: HPET 0x000000007FFE239E 000038 (v01 BOCHS  BXPC     00000001 BXPC 00000001)[0m
[0;21;39mACPI: WAET 0x000000007FFE23D6 000028 (v01 BOCHS  BXPC     00000001 BXPC 00000001)[0m
[0;21;39mACPI: Reserving FACP table memory at [mem 0x7ffe22aa-0x7ffe231d][0m
[0;21;39mACPI: Reserving DSDT table memory at [mem 0x7ffe0040-0x7ffe22a9][0m
[0;21;39mACPI: Reserving FACS table memory at [mem 0x7ffe0000-0x7ffe003f][0m
[0;21;39mACPI: Reserving APIC table memory at [mem 0x7ffe231e-0x7ffe239d][0m
[0;21;39mACPI: Reserving HPET table memory at [mem 0x7ffe239e-0x7ffe23d5][0m
[0;21;39mACPI: Reserving WAET table memory at [mem 0x7ffe23d6-0x7ffe23fd][0m
[0;21;39mNo NUMA configuration found[0m
[0;21;39mFaking a node at [mem 0x0000000000000000-0x000000007ffddfff][0m
[0;21;39mNODE_DATA(0) allocated [mem 0x782de680-0x78308fff][0m
[0;21;39mZone ranges:[0m
[0;21;39m  DMA      [mem 0x0000000000001000-0x0000000000ffffff][0m
[0;21;39m  DMA32    [mem 0x0000000001000000-0x000000007ffddfff][0m
[0;21;39m  Normal   empty[0m
[0;21;39m  Device   empty[0m
[0;21;39mMovable zone start for each node[0m
[0;21;39mEarly memory node ranges[0m
[0;21;39m  node   0: [mem 0x0000000000001000-0x000000000009efff][0m
[0;21;39m  node   0: [mem 0x0000000000100000-0x000000007ffddfff][0m
[0;21;39mInitmem setup node 0 [mem 0x0000000000001000-0x000000007ffddfff][0m
[0;21;39mOn node 0, zone DMA: 1 pages in unavailable ranges[0m
[0;21;39mOn node 0, zone DMA: 97 pages in unavailable ranges[0m
[0;21;39mOn node 0, zone DMA32: 34 pages in unavailable ranges[0m
[0;21;39mACPI: PM-Timer IO Port: 0x608[0m
[0;21;39mACPI: LAPIC_NMI (acpi_id[0xff] dfl dfl lint[0x1])[0m
[0;21;39mIOAPIC[0]: apic_id 0, version 32, address 0xfec00000, GSI 0-23[0m
[0;21;39mACPI: INT_SRC_OVR (bus 0 bus_irq 0 global_irq 2 dfl dfl)[0m
[0;21;39mACPI: INT_SRC_OVR (bus 0 bus_irq 5 global_irq 5 high level)[0m
[0;21;39mACPI: INT_SRC_OVR (bus 0 bus_irq 9 global_irq 9 high level)[0m
[0;21;39mACPI: INT_SRC_OVR (bus 0 bus_irq 10 global_irq 10 high level)[0m
[0;21;39mACPI: INT_SRC_OVR (bus 0 bus_irq 11 global_irq 11 high level)[0m
[0;21;39mACPI: Using ACPI (MADT) for SMP configuration information[0m
[0;21;39mACPI: HPET id: 0x8086a201 base: 0xfed00000[0m
[0;21;39mCPU topo: Max. logical packages:   1[0m
[0;21;39mCPU topo: Max. logical dies:       1[0m
[0;21;39mCPU topo: Max. dies per package:   1[0m
[0;21;39mCPU topo: Max. threads per core:   1[0m
[0;21;39mCPU topo: Num. cores per package:     2[0m
[0;21;39mCPU topo: Num. threads per package:   2[0m
[0;21;39mCPU topo: Allowing 2 present CPUs plus 0 hotplug CPUs[0m
[0;21;39mPM: hibernation: Registered nosave memory: [mem 0x00000000-0x00000fff][0m
[0;21;39mPM: hibernation: Registered nosave memory: [mem 0x0009f000-0x000fffff][0m
[0;21;39m[mem 0x80000000-0xfffbffff] available for PCI devices[0m
[0;21;39mBooting paravirtualized kernel on bare hardware[0m
[0;21;39mclocksource: refined-jiffies: mask: 0xffffffff max_cycles: 0xffffffff, max_idle_ns: 7645519600211568 ns[0m
[0;21;39msetup_percpu: NR_CPUS:8192 nr_cpumask_bits:2 nr_cpu_ids:2 nr_node_ids:1[0m
[0;21;39mpercpu: Embedded 66 pages/cpu s233472 r8192 d28672 u1048576[0m
[0;21;39mpcpu-alloc: s233472 r8192 d28672 u1048576 alloc=1*2097152[0m
[0;21;39mpcpu-alloc: [0] 0 1 [0m
[0;21;32mKernel command line: boot=live persistence username=bna hostname=bnasec console=ttyS0 bnasec.persisttest[0m
[0;21;32mUnknown kernel command line parameters "persistence boot=live username=bna", will be passed to user space.[0m
[0;21;39mDentry cache hash table entries: 262144 (order: 9, 2097152 bytes, linear)[0m
[0;21;39mInode-cache hash table entries: 131072 (order: 8, 1048576 bytes, linear)[0m
[0;21;39mFallback order for Node 0: 0 [0m
[0;21;39mBuilt 1 zonelists, mobility grouping on.  Total pages: 524156[0m
[0;21;39mPolicy zone: DMA32[0m
[0;21;39mmem auto-init: stack:all(zero), heap alloc:on, heap free:off[0m
[0;21;39mAGP: Checking aperture...[0m
[0;21;39mAGP: No AGP bridge found[0m
[0;21;39mSLUB: HWalign=64, Order=0-3, MinObjects=0, CPUs=2, Nodes=1[0m
[0;21;39mftrace: allocating 45200 entries in 180 pages[0m
[0;21;39mftrace: allocated 180 pages with 4 groups[0m
[0;21;39mDynamic Preempt: voluntary[0m
[0;21;39mrcu: Preemptible hierarchical RCU implementation.[0m
[0;21;39mrcu: 	RCU restricting CPUs from NR_CPUS=8192 to nr_cpu_ids=2.[0m
[0;21;39m	Trampoline variant of Tasks RCU enabled.[0m
[0;21;39m	Rude variant of Tasks RCU enabled.[0m
[0;21;39m	Tracing variant of Tasks RCU enabled.[0m
[0;21;39mrcu: RCU calculated value of scheduler-enlistment delay is 25 jiffies.[0m
[0;21;39mrcu: Adjusting geometry for rcu_fanout_leaf=16, nr_cpu_ids=2[0m
[0;21;39mRCU Tasks: Setting shift to 1 and lim to 1 rcu_task_cb_adjust=1 rcu_task_cpu_ids=2.[0m
[0;21;39mRCU Tasks Rude: Setting shift to 1 and lim to 1 rcu_task_cb_adjust=1 rcu_task_cpu_ids=2.[0m
[0;21;39mRCU Tasks Trace: Setting shift to 1 and lim to 1 rcu_task_cb_adjust=1 rcu_task_cpu_ids=2.[0m
[0;21;39mNR_IRQS: 524544, nr_irqs: 440, preallocated irqs: 16[0m
[0;21;39mrcu: srcu_init: Setting srcu_struct sizes based on contention.[0m
[0;21;39mclocksource: jiffies: mask: 0xffffffff max_cycles: 0xffffffff, max_idle_ns: 7645041785100000 ns[0m
[0;21;39mConsole: colour VGA+ 80x25[0m
[0;21;39mprintk: legacy console [ttyS0] enabled[0m
[0;21;39mACPI: Core revision 20240827[0m
[0;21;39mclocksource: hpet: mask: 0xffffffff max_cycles: 0xffffffff, max_idle_ns: 19112604467 ns[0m
[0;21;39mAPIC: Switch to symmetric I/O mode setup[0m
[0;21;39m..TIMER: vector=0x30 apic1=0 pin1=2 apic2=-1 pin2=-1[0m
[0;21;31m..MP-BIOS bug: 8254 timer not connected to IO-APIC[0m
[0;21;39m...trying to set up timer (IRQ0) through the 8259A ...[0m
[0;21;39m..... (found apic 0 pin 2) ...[0m
[0;21;39m....... works.[0m
[0;21;33mtsc: Unable to calibrate against PIT[0m
[0;21;39mtsc: using HPET reference calibration[0m
[0;21;39mtsc: Detected 3199.999 MHz processor[0m
[0;21;39mclocksource: tsc-early: mask: 0xffffffffffffffff max_cycles: 0x2e2048a8b6b, max_idle_ns: 440795205530 ns[0m
[0;21;39mCalibrating delay loop (skipped), value calculated using timer frequency.. 6399.99 BogoMIPS (lpj=12799996)[0m
[0;21;39mLast level iTLB entries: 4KB 512, 2MB 255, 4MB 127[0m
[0;21;39mLast level dTLB entries: 4KB 512, 2MB 255, 4MB 127, 1GB 0[0m
[0;21;39mSpectre V1 : Mitigation: usercopy/swapgs barriers and __user pointer sanitization[0m
[0;21;39mSpectre V2 : Mitigation: Retpolines[0m
[0;21;39mSpectre V2 : Spectre v2 / SpectreRSB: Filling RSB on context switch and VMEXIT[0m
[0;21;39mx86/fpu: x87 FPU will use FXSAVE[0m
[0;21;39mFreeing SMP alternatives memory: 40K[0m
[0;21;39mpid_max: default: 32768 minimum: 301[0m
[0;21;39mLSM: initializing lsm=lockdown,capability,landlock,yama,apparmor,tomoyo,bpf,ipe,ima,evm[0m
[0;21;39mlandlock: Up and running.[0m
[0;21;39mYama: disabled by default; enable with sysctl kernel.yama.*[0m
[0;21;39mAppArmor: AppArmor initialized[0m
[0;21;39mTOMOYO Linux initialized[0m
[0;21;39mLSM support for eBPF active[0m
[0;21;39mMount-cache hash table entries: 4096 (order: 3, 32768 bytes, linear)[0m
[0;21;39mMountpoint-cache hash table entries: 4096 (order: 3, 32768 bytes, linear)[0m
[0;21;39msmpboot: CPU0: AMD QEMU Virtual CPU version 2.5+ (family: 0xf, model: 0x6b, stepping: 0x1)[0m
[0;21;39mPerformance Events: PMU not available due to virtualization, using software events only.[0m
[0;21;39msignal: max sigframe size: 1440[0m
[0;21;39mrcu: Hierarchical SRCU implementation.[0m
[0;21;39mrcu: 	Max phase no-delay instances is 1000.[0m
[0;21;39mTimer migration: 1 hierarchy levels; 8 children per group; 1 crossnode level[0m
[0;21;39mNMI watchdog: Perf NMI watchdog permanently disabled[0m
[0;21;39msmp: Bringing up secondary CPUs ...[0m
[0;21;39msmpboot: x86: Booting SMP configuration:[0m
[0;21;39m.... node  #0, CPUs:      #1[0m
[0;21;39msmp: Brought up 1 node, 2 CPUs[0m
[0;21;39msmpboot: Total of 2 processors activated (12835.18 BogoMIPS)[0m
[0;21;39mnode 0 deferred pages initialised in 44ms[0m
[0;21;39mMemory: 1882336K/2096624K available (16384K kernel code, 2499K rwdata, 11828K rodata, 4172K init, 4896K bss, 210104K reserved, 0K cma-reserved)[0m
[0;21;39mdevtmpfs: initialized[0m
[0;21;39mx86/mm: Memory block size: 128MB[0m
[0;21;39mfutex hash table entries: 512 (order: 3, 32768 bytes, linear)[0m
[0;21;39mpinctrl core: initialized pinctrl subsystem[0m
[0;21;39mNET: Registered PF_NETLINK/PF_ROUTE protocol family[0m
[0;21;39mDMA: preallocated 256 KiB GFP_KERNEL pool for atomic allocations[0m
[0;21;39mDMA: preallocated 256 KiB GFP_KERNEL|GFP_DMA pool for atomic allocations[0m
[0;21;39mDMA: preallocated 256 KiB GFP_KERNEL|GFP_DMA32 pool for atomic allocations[0m
[0;21;39maudit: initializing netlink subsys (disabled)[0m
[0;21;32maudit: type=2000 audit(1789487962.692:1): state=initialized audit_enabled=0 res=1[0m
[0;21;39mthermal_sys: Registered thermal governor 'fair_share'[0m
[0;21;39mthermal_sys: Registered thermal governor 'bang_bang'[0m
[0;21;39mthermal_sys: Registered thermal governor 'step_wise'[0m
[0;21;39mthermal_sys: Registered thermal governor 'user_space'[0m
[0;21;39mthermal_sys: Registered thermal governor 'power_allocator'[0m
[0;21;39mcpuidle: using governor ladder[0m
[0;21;39mcpuidle: using governor menu[0m
[0;21;39macpiphp: ACPI Hot Plug PCI Controller Driver version: 0.5[0m
[0;21;39mPCI: Using configuration type 1 for base access[0m
[0;21;33mmtrr: your CPUs had inconsistent fixed MTRR settings[0m
[0;21;33mmtrr: your CPUs had inconsistent variable MTRR settings[0m
[0;21;33mmtrr: your CPUs had inconsistent MTRRdefType settings[0m
[0;21;39mmtrr: probably your BIOS does not setup all CPUs.[0m
[0;21;39mmtrr: corrected configuration.[0m
[0;21;39mkprobes: kprobe jump-optimization is enabled. All kprobes are optimized if possible.[0m
[0;21;39mHugeTLB: registered 2.00 MiB page size, pre-allocated 0 pages[0m
[0;21;39mHugeTLB: 28 KiB vmemmap can be freed for a 2.00 MiB page[0m
[0;21;39mACPI: Added _OSI(Module Device)[0m
[0;21;39mACPI: Added _OSI(Processor Device)[0m
[0;21;39mACPI: Added _OSI(Processor Aggregator Device)[0m
[0;21;39mACPI: 1 ACPI AML tables successfully acquired and loaded[0m
[0;21;39mACPI: Interpreter enabled[0m
[0;21;39mACPI: PM: (supports S0 S3 S4 S5)[0m
[0;21;39mACPI: Using IOAPIC for interrupt routing[0m
[0;21;39mPCI: Using host bridge windows from ACPI; if necessary, use "pci=nocrs" and report a bug[0m
[0;21;39mPCI: Using E820 reservations for host bridge windows[0m
[0;21;39mACPI: Enabled 2 GPEs in block 00 to 0F[0m
[0;21;39mACPI: PCI Root Bridge [PCI0] (domain 0000 [bus 00-ff])[0m
[0;21;39macpi PNP0A03:00: _OSC: OS supports [ASPM ClockPM Segments MSI HPX-Type3][0m
[0;21;39macpi PNP0A03:00: _OSC: not requesting OS control; OS requires [ExtendedConfig ASPM ClockPM MSI][0m
[0;21;33macpi PNP0A03:00: fail to add MMCONFIG information, can't access extended configuration space under this bridge[0m
[0;21;39macpiphp: Slot [3] registered[0m
[0;21;39macpiphp: Slot [4] registered[0m
[0;21;39macpiphp: Slot [5] registered[0m
[0;21;39macpiphp: Slot [6] registered[0m
[0;21;39macpiphp: Slot [7] registered[0m
[0;21;39macpiphp: Slot [8] registered[0m
[0;21;39macpiphp: Slot [9] registered[0m
[0;21;39macpiphp: Slot [10] registered[0m
[0;21;39macpiphp: Slot [11] registered[0m
[0;21;39macpiphp: Slot [12] registered[0m
[0;21;39macpiphp: Slot [13] registered[0m
[0;21;39macpiphp: Slot [14] registered[0m
[0;21;39macpiphp: Slot [15] registered[0m
[0;21;39macpiphp: Slot [16] registered[0m
[0;21;39macpiphp: Slot [17] registered[0m
[0;21;39macpiphp: Slot [18] registered[0m
[0;21;39macpiphp: Slot [19] registered[0m
[0;21;39macpiphp: Slot [20] registered[0m
[0;21;39macpiphp: Slot [21] registered[0m
[0;21;39macpiphp: Slot [22] registered[0m
[0;21;39macpiphp: Slot [23] registered[0m
[0;21;39macpiphp: Slot [24] registered[0m
[0;21;39macpiphp: Slot [25] registered[0m
[0;21;39macpiphp: Slot [26] registered[0m
[0;21;39macpiphp: Slot [27] registered[0m
[0;21;39macpiphp: Slot [28] registered[0m
[0;21;39macpiphp: Slot [29] registered[0m
[0;21;39macpiphp: Slot [30] registered[0m
[0;21;39macpiphp: Slot [31] registered[0m
[0;21;39mPCI host bridge to bus 0000:00[0m
[0;21;39mpci_bus 0000:00: root bus resource [io  0x0000-0x0cf7 window][0m
[0;21;39mpci_bus 0000:00: root bus resource [io  0x0d00-0xffff window][0m
[0;21;39mpci_bus 0000:00: root bus resource [mem 0x000a0000-0x000bffff window][0m
[0;21;39mpci_bus 0000:00: root bus resource [mem 0x80000000-0xfebfffff window][0m
[0;21;39mpci_bus 0000:00: root bus resource [mem 0x100000000-0x17fffffff window][0m
[0;21;39mpci_bus 0000:00: root bus resource [bus 00-ff][0m
[0;21;39mpci 0000:00:00.0: [8086:1237] type 00 class 0x060000 conventional PCI endpoint[0m
[0;21;39mpci 0000:00:01.0: [8086:7000] type 00 class 0x060100 conventional PCI endpoint[0m
[0;21;39mpci 0000:00:01.1: [8086:7010] type 00 class 0x010180 conventional PCI endpoint[0m
[0;21;39mpci 0000:00:01.1: BAR 4 [io  0xc060-0xc06f][0m
[0;21;39mpci 0000:00:01.1: BAR 0 [io  0x01f0-0x01f7]: legacy IDE quirk[0m
[0;21;39mpci 0000:00:01.1: BAR 1 [io  0x03f6]: legacy IDE quirk[0m
[0;21;39mpci 0000:00:01.1: BAR 2 [io  0x0170-0x0177]: legacy IDE quirk[0m
[0;21;39mpci 0000:00:01.1: BAR 3 [io  0x0376]: legacy IDE quirk[0m
[0;21;39mpci 0000:00:01.2: [8086:7020] type 00 class 0x0c0300 conventional PCI endpoint[0m
[0;21;39mpci 0000:00:01.2: BAR 4 [io  0xc040-0xc05f][0m
[0;21;39mpci 0000:00:01.3: [8086:7113] type 00 class 0x068000 conventional PCI endpoint[0m
[0;21;39mpci 0000:00:01.3: quirk: [io  0x0600-0x063f] claimed by PIIX4 ACPI[0m
[0;21;39mpci 0000:00:01.3: quirk: [io  0x0700-0x070f] claimed by PIIX4 SMB[0m
[0;21;39mpci 0000:00:02.0: [1234:1111] type 00 class 0x030000 conventional PCI endpoint[0m
[0;21;39mpci 0000:00:02.0: BAR 0 [mem 0xfd000000-0xfdffffff pref][0m
[0;21;39mpci 0000:00:02.0: BAR 2 [mem 0xfebf0000-0xfebf0fff][0m
[0;21;39mpci 0000:00:02.0: ROM [mem 0xfebe0000-0xfebeffff pref][0m
[0;21;39mpci 0000:00:02.0: Video device with shadowed ROM at [mem 0x000c0000-0x000dffff][0m
[0;21;39mpci 0000:00:03.0: [8086:100e] type 00 class 0x020000 conventional PCI endpoint[0m
[0;21;39mpci 0000:00:03.0: BAR 0 [mem 0xfebc0000-0xfebdffff][0m
[0;21;39mpci 0000:00:03.0: BAR 1 [io  0xc000-0xc03f][0m
[0;21;39mpci 0000:00:03.0: ROM [mem 0xfeb80000-0xfebbffff pref][0m
[0;21;39mACPI: PCI: Interrupt link LNKA configured for IRQ 10[0m
[0;21;39mACPI: PCI: Interrupt link LNKB configured for IRQ 10[0m
[0;21;39mACPI: PCI: Interrupt link LNKC configured for IRQ 11[0m
[0;21;39mACPI: PCI: Interrupt link LNKD configured for IRQ 11[0m
[0;21;39mACPI: PCI: Interrupt link LNKS configured for IRQ 9[0m
[0;21;39miommu: Default domain type: Translated[0m
[0;21;39miommu: DMA domain TLB invalidation policy: lazy mode[0m
[0;21;39mpps_core: LinuxPPS API ver. 1 registered[0m
[0;21;39mpps_core: Software ver. 5.3.6 - Copyright 2005-2007 Rodolfo Giometti <giometti@linux.it>[0m
[0;21;39mPTP clock support registered[0m
[0;21;39mEDAC MC: Ver: 3.0.0[0m
[0;21;39mNetLabel: Initializing[0m
[0;21;39mNetLabel:  domain hash size = 128[0m
[0;21;39mNetLabel:  protocols = UNLABELED CIPSOv4 CALIPSO[0m
[0;21;39mNetLabel:  unlabeled traffic allowed by default[0m
[0;21;39mPCI: Using ACPI for IRQ routing[0m
[0;21;39mPCI: pci_cache_line_size set to 64 bytes[0m
[0;21;39me820: reserve RAM buffer [mem 0x0009fc00-0x0009ffff][0m
[0;21;39me820: reserve RAM buffer [mem 0x7ffde000-0x7fffffff][0m
[0;21;39mpci 0000:00:02.0: vgaarb: setting as boot VGA device[0m
[0;21;39mpci 0000:00:02.0: vgaarb: bridge control possible[0m
[0;21;39mpci 0000:00:02.0: vgaarb: VGA device added: decodes=io+mem,owns=io+mem,locks=none[0m
[0;21;39mvgaarb: loaded[0m
[0;21;39mhpet: 3 channels of 0 reserved for per-cpu timers[0m
[0;21;39mhpet0: at MMIO 0xfed00000, IRQs 2, 8, 0[0m
[0;21;39mhpet0: 3 comparators, 64-bit 100.000000 MHz counter[0m
[0;21;39mclocksource: Switched to clocksource tsc-early[0m
[0;21;32mVFS: Disk quotas dquot_6.6.0[0m
[0;21;39mVFS: Dquot-cache hash table entries: 512 (order 0, 4096 bytes)[0m
[0;21;39mAppArmor: AppArmor Filesystem Enabled[0m
[0;21;39mpnp: PnP ACPI init[0m
[0;21;39mpnp 00:02: [dma 2][0m
[0;21;39mpnp: PnP ACPI: found 6 devices[0m
[0;21;39mclocksource: acpi_pm: mask: 0xffffff max_cycles: 0xffffff, max_idle_ns: 2085701024 ns[0m
[0;21;39mNET: Registered PF_INET protocol family[0m
[0;21;39mIP idents hash table entries: 32768 (order: 6, 262144 bytes, linear)[0m
[0;21;39mtcp_listen_portaddr_hash hash table entries: 1024 (order: 2, 16384 bytes, linear)[0m
[0;21;39mTable-perturb hash table entries: 65536 (order: 6, 262144 bytes, linear)[0m
[0;21;39mTCP established hash table entries: 16384 (order: 5, 131072 bytes, linear)[0m
[0;21;39mTCP bind hash table entries: 16384 (order: 7, 524288 bytes, linear)[0m
[0;21;39mTCP: Hash tables configured (established 16384 bind 16384)[0m
[0;21;39mMPTCP token hash table entries: 2048 (order: 4, 49152 bytes, linear)[0m
[0;21;39mUDP hash table entries: 1024 (order: 3, 32768 bytes, linear)[0m
[0;21;39mUDP-Lite hash table entries: 1024 (order: 3, 32768 bytes, linear)[0m
[0;21;39mNET: Registered PF_UNIX/PF_LOCAL protocol family[0m
[0;21;39mNET: Registered PF_XDP protocol family[0m
[0;21;39mpci_bus 0000:00: resource 4 [io  0x0000-0x0cf7 window][0m
[0;21;39mpci_bus 0000:00: resource 5 [io  0x0d00-0xffff window][0m
[0;21;39mpci_bus 0000:00: resource 6 [mem 0x000a0000-0x000bffff window][0m
[0;21;39mpci_bus 0000:00: resource 7 [mem 0x80000000-0xfebfffff window][0m
[0;21;39mpci_bus 0000:00: resource 8 [mem 0x100000000-0x17fffffff window][0m
[0;21;39mpci 0000:00:01.0: PIIX3: Enabling Passive Release[0m
[0;21;39mpci 0000:00:00.0: Limiting direct PCI/PCI transfers[0m
[0;21;39mACPI: \_SB_.LNKD: Enabled at IRQ 11[0m
[0;21;39mpci 0000:00:01.2: quirk_usb_early_handoff+0x0/0x750 took 12994 usecs[0m
[0;21;39mPCI: CLS 0 bytes, default 64[0m
[0;21;39mTrying to unpack rootfs image as initramfs...[0m
[0;21;32mInitialise system trusted keyrings[0m
[0;21;32mKey type blacklist registered[0m
[0;21;39mworkingset: timestamp_bits=36 max_order=19 bucket_order=0[0m
[0;21;39mzbud: loaded[0m
[0;21;39mfuse: init (API version 7.41)[0m
[0;21;32mintegrity: Platform Keyring initialized[0m
[0;21;32mintegrity: Machine keyring initialized[0m
[0;21;32mKey type asymmetric registered[0m
[0;21;32mAsymmetric key parser 'x509' registered[0m
[0;21;39mtsc: Refined TSC clocksource calibration: 3199.987 MHz[0m
[0;21;39mclocksource: tsc: mask: 0xffffffffffffffff max_cycles: 0x2e203dc039a, max_idle_ns: 440795220849 ns[0m
[0;21;39mclocksource: Switched to clocksource tsc[0m
[0;21;39mFreeing initrd memory: 127772K[0m
[0;21;39mBlock layer SCSI generic (bsg) driver version 0.4 loaded (major 246)[0m
[0;21;39mio scheduler mq-deadline registered[0m
[0;21;39mledtrig-cpu: registered to indicate activity on CPUs[0m
[0;21;39mshpchp: Standard Hot Plug PCI Controller Driver version: 0.4[0m
Begin: Running /scripts/live-top ... done.
Begin: Running /scripts/live-premount ... done.
[0;21;39mSerial: 8250/16550 driver, 4 ports, IRQ sharing enabled[0m
[0;21;39m00:04: ttyS0 at I/O 0x3f8 (irq = 4, base_baud = 115200) is a 16550A[0m
[0;21;39mLinux agpgart interface v0.103[0m
[0;21;39mi8042: PNP: PS/2 Controller [PNP0303:KBD,PNP0f13:MOU] at 0x60,0x64 irq 1,12[0m
[0;21;39mserio: i8042 KBD port at 0x60,0x64 irq 1[0m
[0;21;39mserio: i8042 AUX port at 0x60,0x64 irq 12[0m
[0;21;39mmousedev: PS/2 mouse device common for all mice[0m
[0;21;39mrtc_cmos 00:05: RTC can wake from S4[0m
[0;21;39minput: AT Translated Set 2 keyboard as /devices/platform/i8042/serio0/input/input0[0m
[0;21;39mrtc_cmos 00:05: registered as rtc0[0m
[0;21;39mrtc_cmos 00:05: setting system clock to 2026-09-15T15:59:28 UTC (1789487968)[0m
[0;21;39mrtc_cmos 00:05: alarms up to one day, y3k, 242 bytes nvram, hpet irqs[0m
[0;21;33mamd_pstate: the _CPC object is not present in SBIOS or ACPI disabled[0m
[0;21;39mNET: Registered PF_INET6 protocol family[0m
[0;21;39mSegment Routing with IPv6[0m
[0;21;39mIn-situ OAM (IOAM) with IPv6[0m
[0;21;39mmip6: Mobile IPv6[0m
[0;21;39mNET: Registered PF_PACKET protocol family[0m
[0;21;39mmpls_gso: MPLS GSO support[0m
[0;21;39mIPI shorthand broadcast: enabled[0m
[0;21;39msched_clock: Marking stable (5896600641, -50638397)->(5951137659, -105175415)[0m
[0;21;39mregistered taskstats version 1[0m
[0;21;32mLoading compiled-in X.509 certificates[0m
[0;21;32mLoaded X.509 cert 'Build time autogenerated kernel key: 092fa7c73d21b4c79e449372fdf50a49a6f4ec79'[0m
[0;21;39mDemotion targets for Node 0: null[0m
[0;21;32mKey type .fscrypt registered[0m
[0;21;32mKey type fscrypt-provisioning registered[0m
[0;21;32mKey type encrypted registered[0m
[0;21;39mAppArmor: AppArmor sha256 policy hashing enabled[0m
[0;21;39mima: No TPM chip found, activating TPM-bypass![0m
[0;21;39mima: Allocated hash algorithm: sha256[0m
[0;21;39mima: No architecture policies found[0m
[0;21;39mevm: Initialising EVM extended attributes:[0m
[0;21;39mevm: security.selinux[0m
[0;21;39mevm: security.SMACK64 (disabled)[0m
[0;21;39mevm: security.SMACK64EXEC (disabled)[0m
[0;21;39mevm: security.SMACK64TRANSMUTE (disabled)[0m
[0;21;39mevm: security.SMACK64MMAP (disabled)[0m
[0;21;39mevm: security.apparmor[0m
[0;21;39mevm: security.ima[0m
[0;21;39mevm: security.capability[0m
[0;21;39mevm: HMAC attrs: 0x1[0m
[0;21;39mRAS: Correctable Errors collector initialized.[0m
[0;21;39mclk: Disabling unused clocks[0m
[0;21;39mPM: genpd: Disabling unused power domains[0m
[0;21;39mFreeing unused decrypted memory: 2028K[0m
[0;21;39mFreeing unused kernel image (initmem) memory: 4172K[0m
[0;21;39mWrite protecting the kernel read-only data: 28672k[0m
[0;21;39mFreeing unused kernel image (rodata/data gap) memory: 460K[0m
[0;21;39mx86/mm: Checked W+X mappings: passed, no W+X pages found.[0m
[0;21;39mRun /init as init process[0m
[0;21;39m  with arguments:[0m
[0;21;39m    /init[0m
[0;21;39m    persistence[0m
[0;21;39m  with environment:[0m
[0;21;39m    HOME=/[0m
[0;21;39m    TERM=linux[0m
[0;21;39m    boot=live[0m
[0;21;39m    username=bna[0m
[0;21;39minput: Power Button as /devices/LNXSYSTM:00/LNXPWRBN:00/input/input2[0m
[0;21;39mACPI: button: Power Button [PWRF][0m
[0;21;39mFloppy drive(s): fd0 is 2.88M AMI BIOS[0m
[0;21;39mFDC 0 is a S82078B[0m
[0;21;39mpiix4_smbus 0000:00:01.3: SMBus Host Controller at 0x700, revision 0[0m
[0;21;39mi2c i2c-0: Memory type 0x07 not supported yet, not instantiating SPD[0m
[0;21;39me1000: Intel(R) PRO/1000 Network Driver[0m
[0;21;39me1000: Copyright (c) 1999-2006 Intel Corporation.[0m
[0;21;39mACPI: \_SB_.LNKC: Enabled at IRQ 10[0m
[0;21;39mACPI: bus type USB registered[0m
[0;21;39musbcore: registered new interface driver usbfs[0m
[0;21;39musbcore: registered new interface driver hub[0m
[0;21;39musbcore: registered new device driver usb[0m
[0;21;32mSCSI subsystem initialized[0m
[0;21;39mACPI: bus type drm_connector registered[0m
[0;21;39minput: ImExPS/2 Generic Explorer Mouse as /devices/platform/i8042/serio1/input/input3[0m
[0;21;39muhci_hcd 0000:00:01.2: UHCI Host Controller[0m
[0;21;39muhci_hcd 0000:00:01.2: new USB bus registered, assigned bus number 1[0m
[0;21;39muhci_hcd 0000:00:01.2: detected 2 ports[0m
[0;21;39muhci_hcd 0000:00:01.2: irq 11, io port 0x0000c040[0m
[0;21;39musb usb1: New USB device found, idVendor=1d6b, idProduct=0001, bcdDevice= 6.12[0m
[0;21;39musb usb1: New USB device strings: Mfr=3, Product=2, SerialNumber=1[0m
[0;21;39musb usb1: Product: UHCI Host Controller[0m
[0;21;39musb usb1: Manufacturer: Linux 6.12.107+deb13-amd64 uhci_hcd[0m
[0;21;39musb usb1: SerialNumber: 0000:00:01.2[0m
[0;21;39mhub 1-0:1.0: USB hub found[0m
[0;21;39mhub 1-0:1.0: 2 ports detected[0m
[0;21;39me1000 0000:00:03.0 eth0: (PCI:33MHz:32-bit) 52:54:00:12:34:56[0m
[0;21;39me1000 0000:00:03.0 eth0: Intel(R) PRO/1000 Network Connection[0m
[0;21;39me1000 0000:00:03.0 ens3: renamed from eth0[0m
[0;21;39musb 1-1: new full-speed USB device number 2 using uhci_hcd[0m
[0;21;39mlibata version 3.00 loaded.[0m
[0;21;39mata_piix 0000:00:01.1: version 2.13[0m
[0;21;39mbochs-drm 0000:00:02.0: vgaarb: deactivate vga console[0m
[0;21;39mConsole: switching to colour dummy device 80x25[0m
[0;21;39m[drm] Found bochs VGA, ID 0xb0c5.[0m
[0;21;39m[drm] Framebuffer size 16384 kB @ 0xfd000000, mmio @ 0xfebf0000.[0m
[0;21;39m[drm] Found EDID data blob.[0m
[0;21;39mscsi host0: ata_piix[0m
[0;21;39m[drm] Initialized bochs-drm 1.0.0 for 0000:00:02.0 on minor 0[0m
[0;21;39mscsi host1: ata_piix[0m
[0;21;39mata1: PATA max MWDMA2 cmd 0x1f0 ctl 0x3f6 bmdma 0xc060 irq 14 lpm-pol 0[0m
[0;21;39mata2: PATA max MWDMA2 cmd 0x170 ctl 0x376 bmdma 0xc068 irq 15 lpm-pol 0[0m
[0;21;39mfbcon: bochs-drmdrmfb (fb0) is primary device[0m
[0;21;39musb 1-1: New USB device found, idVendor=46f4, idProduct=0001, bcdDevice= 0.00[0m
[0;21;39musb 1-1: New USB device strings: Mfr=1, Product=2, SerialNumber=3[0m
[0;21;39musb 1-1: Product: QEMU USB HARDDRIVE[0m
[0;21;39musb 1-1: Manufacturer: QEMU[0m
[0;21;39musb 1-1: SerialNumber: 1-0000:00:01.2-1[0m
[0;21;39mConsole: switching to colour frame buffer device 160x50[0m
[0;21;39mbochs-drm 0000:00:02.0: [drm] fb0: bochs-drmdrmfb frame buffer device[0m
[0;21;39musb-storage 1-1:1.0: USB Mass Storage device detected[0m
[0;21;39mscsi host2: usb-storage 1-1:1.0[0m
[0;21;39musbcore: registered new interface driver usb-storage[0m
[0;21;39mata2: found unknown device (class 0)[0m
[0;21;39mata2.00: ATAPI: QEMU DVD-ROM, 2.5+, max UDMA/100[0m
[0;21;32mscsi 1:0:0:0: CD-ROM            QEMU     QEMU DVD-ROM     2.5+ PQ: 0 ANSI: 5[0m
[0;21;39musbcore: registered new interface driver uas[0m
[0;21;39msr 1:0:0:0: [sr0] scsi3-mmc drive: 4x/4x cd/rw xa/form2 tray[0m
[0;21;39mcdrom: Uniform CD-ROM driver Revision: 3.20[0m
[0;21;39msr 1:0:0:0: Attached scsi CD-ROM sr0[0m
[0;21;32mscsi 2:0:0:0: Direct-Access     QEMU     QEMU HARDDISK    2.5+ PQ: 0 ANSI: 5[0m
[0;21;32msd 2:0:0:0: [sda] 16777216 512-byte logical blocks: (8.59 GB/8.00 GiB)[0m
[0;21;32msd 2:0:0:0: [sda] Write Protect is off[0m
[0;21;39msd 2:0:0:0: [sda] Mode Sense: 63 00 00 08[0m
[0;21;32msd 2:0:0:0: [sda] Write cache: enabled, read cache: enabled, doesn't support DPO or FUA[0m
[0;21;39m sda: sda1 sda2[0m
[0;21;32msd 2:0:0:0: [sda] Attached SCSI removable disk[0m
[0;21;31mI/O error, dev fd0, sector 0 op 0x0:(READ) flags 0x0 phys_seg 1 prio class 2[0m
[0;21;39mfloppy: error 10 while reading block 0[0m
[0;21;31mI/O error, dev fd0, sector 0 op 0x0:(READ) flags 0x0 phys_seg 1 prio class 2[0m
[0;21;39mfloppy: error 10 while reading block 0[0m
[0;21;39m sda: sda1 sda2 sda3[0m
[0;21;39m sda: sda1 sda2 sda3[0m
[0;21;32mrandom: crng init done[0m
[0;21;33mhrtimer: interrupt took 32219083 ns[0m
[0;21;31mInvalid ELF header magic: != ELF[0m
[0;21;39mEXT4-fs (sda3): mounted filesystem be299ba4-340a-4bed-a54a-c63b33b699ac r/w without journal. Quota mode: none.[0m
[0;21;39mEXT4-fs (sda3): unmounting filesystem be299ba4-340a-4bed-a54a-c63b33b699ac.[0m
[0;21;39mISO 9660 Extensions: Microsoft Joliet Level 3[0m
[0;21;39mISO 9660 Extensions: RRIP_1991A[0m
[  117.428538] loop: module loaded
[0;21;39mloop: module loaded[0m
[  117.572721] loop0: detected capacity change from 0 to 2794136
[0;21;39mloop0: detected capacity change from 0 to 2794136[0m
Begin: Running /scripts/live-realpremount ... done.
[  118.573301] squashfs: version 4.0 (2009/01/31) Phillip Lougher
[0;21;39msquashfs: version 4.0 (2009/01/31) Phillip Lougher[0m
Begin: Mounting "/run/live/medium/live/filesystem.squashfs" on "/run/live/rootfs/filesystem.squashfs" via "/dev/loop0" ... done.
[  130.236376] /dev/sda: Can't open blockdev
[0;21;31m/dev/sda: Can't open blockdev[0m
[  130.784625] evm: overlay not supported
[0;21;39mevm: overlay not supported[0m
[  130.907232] EXT4-fs (sda3): mounting ext2 file system using the ext4 subsystem
[0;21;39mEXT4-fs (sda3): mounting ext2 file system using the ext4 subsystem[0m
[  131.038731] EXT4-fs (sda3): mounted filesystem be299ba4-340a-4bed-a54a-c63b33b699ac r/w without journal. Quota mode: none.
[0;21;39mEXT4-fs (sda3): mounted filesystem be299ba4-340a-4bed-a54a-c63b33b699ac r/w without journal. Quota mode: none.[0m
done.
Begin: Configuring fstab ... done.
Begin: Preconfiguring networking ... done.
Begin: Running /scripts/live-bottom ... done.
Begin: Running /scripts/init-bottom ... done.
[  135.753131] Not activating Mandatory Access Control as /sbin/tomoyo-init does not exist.
[0;21;39mNot activating Mandatory Access Control as /sbin/tomoyo-init does not exist.[0m
[  150.205331] systemd[1]: Inserted module 'autofs4'
[0;21;39msystemd[1]: Inserted module 'autofs4'[0m
[!p]104[?7h[  153.720843] systemd[1]: systemd 257.13-1~deb13u1 running in system mode (+PAM +AUDIT +SELINUX +APPARMOR +IMA +IPE +SMACK +SECCOMP +GCRYPT -GNUTLS +OPENSSL +ACL +BLKID +CURL +ELFUTILS +FIDO2 +IDN2 -IDN +IPTC +KMOD +LIBCRYPTSETUP +LIBCRYPTSETUP_PLUGINS +LIBFDISK +PCRE2 +PWQUALITY +P11KIT +QRENCODE +TPM2 +BZIP2 +LZ4 +XZ +ZLIB +ZSTD +BPF_FRAMEWORK +BTF -XKBCOMMON -UTMP +SYSVINIT +LIBARCHIVE)
[  153.722042] systemd[1]: Detected virtualization qemu.
[0;21;39msystemd[1]: systemd 257.13-1~deb13u1 running in system mode (+PAM +AUDIT +SELINUX +APPARMOR +IMA +IPE +SMACK +SECCOMP +GCRYPT -GNUTLS +OPENSSL +ACL +BLKID +CURL +ELFUTILS +FIDO2 +IDN2 -IDN +IPTC +KMOD +LIBCRYPTSETUP +LIBCRYPTSETUP_PLUGINS +LIBFDISK +PCRE2 +PWQUALITY +P11KIT +QRENCODE +TPM2 +BZIP2 +LZ4 +XZ +ZLIB +ZSTD +BPF_FRAMEWORK +BTF -XKBCOMMON -UTMP +SYSVINIT +LIBARCHIVE)[0m
[0;21;39msystemd[1]: Detected virtualization qemu.[0m
[  153.723637] systemd[1]: Detected architecture x86-64.
[0;21;39msystemd[1]: Detected architecture x86-64.[0m

[0;1;39mWelcome to [0m[1mDebian GNU/Linux 13 (trixie)[0m[0;1;39m![0m

[  156.034084] systemd[1]: bpf-restrict-fs: LSM BPF program attached
[0;21;39msystemd[1]: bpf-restrict-fs: LSM BPF program attached[0m
[  162.318094] systemd[1]: Queued start job for default target graphical.target.
[0;21;39msystemd[1]: Queued start job for default target graphical.target.[0m
[  163.367005] systemd[1]: Created slice system-getty.slice - Slice /system/getty.
[0;21;39msystemd[1]: Created slice system-getty.slice - Slice /system/getty.[0m
[[0;32m  OK  [0m] Created slice [0;1;39msystem-getty.slice[0m - Slice /system/getty.
[  163.376681] systemd[1]: Created slice system-modprobe.slice - Slice /system/modprobe.
[0;21;39msystemd[1]: Created slice system-modprobe.slice - Slice /system/modprobe.[0m
[[0;32m  OK  [0m] Created slice [0;1;39msystem-modprobe.slice[0m - Slice /system/modprobe.
[  163.382855] systemd[1]: Created slice system-serial\x2dgetty.slice - Slice /system/serial-getty.
[[0;32m  OK  [0m] Created slice [0;1;39msystem-serial\x2dget…slice[0m - Slice /system/serial-getty.
[0;21;39msystemd[1]: Created slice system-serial\x2dgetty.slice - Slice /system/serial-getty.[0m
[  163.387420] systemd[1]: Created slice user.slice - User and Session Slice.
[[0;32m  OK  [0m] Created slice [0;1;39muser.slice[0m - User and Session Slice.
[0;21;39msystemd[1]: Created slice user.slice - User and Session Slice.[0m
[  163.390354] systemd[1]: Started systemd-ask-password-wall.path - Forward Password Requests to Wall Directory Watch.
[[0;32m  OK  [0m] Started [0;1;39msystemd-ask-password-wall.…[0md Requests to Wall Directory Watch.
[0;21;39msystemd[1]: Started systemd-ask-password-wall.path - Forward Password Requests to Wall Directory Watch.[0m
[  163.398044] systemd[1]: Set up automount proc-sys-fs-binfmt_misc.automount - Arbitrary Executable File Formats File System Automount Point.
[[0;32m  OK  [0m] Set up automount [0;1;39mproc-sys-fs-binfm…[0mormats File System Automount Point.
[  163.399950] systemd[1]: Expecting device dev-ttyS0.device - /dev/ttyS0...
[  163.400928] systemd[1]: Reached target integritysetup.target - Local Integrity Protected Volumes.
         Expecting device [0;1;39mdev-ttyS0.device[0m - /dev/ttyS0...
[[0;32m  OK  [0m] Reached target [0;1;39mintegritysetup.targ…[0m Local Integrity Protected Volumes.
[  163.402140] systemd[1]: Reached target nss-user-lookup.target - User and Group Name Lookups.
[0;21;39msystemd[1]: Set up automount proc-sys-fs-binfmt_misc.automount - Arbitrary Executable File Formats File System Automount Point.[0m
[0;21;39msystemd[1]: Expecting device dev-ttyS0.device - /dev/ttyS0...[0m
[0;21;39msystemd[1]: Reached target integrityse[  163.403092] systemd[1]: Reached target remote-fs.target - Remote File Systems.
tup.target - Local Integrity Protected Volumes.[0m
[[0;32m  OK  [0m] Reached target [0;1;39mnss-user-lookup.target[0m - User and Group Name Lookups.
[0;21;39msystemd[1]: Reached target nss-user-lookup.target - User and Group Name Lookups.[0m[  163.403899] systemd[1]: Reached target slices.target - Slice Units.

[[0;32m  OK  [0m] Reached target [0;1;39mremote-fs.target[0m - Remote File Systems.
[0;21;39msystemd[1]: Reached target remote-fs.target - Remote File Systems.[0m
[0;21;39msystemd[1]: Reached target slices.target - Slice Units.[0m[  163.404797] systemd[1]: Reached target swap.target - Swaps.

[[0;32m  OK  [0m] Reached target [0;1;39mslices.target[0m - Slice Units.
[0;21;39msystemd[1]: Reached target swap.target - Swaps.[0m
[[0;32m  OK  [0m] Reached target [0;1;39mswap.target[0m - Swaps.
[  163.406339] systemd[1]: Reached target veritysetup.target - Local Verity Protected Volumes.
[[0;32m  OK  [0m] Reached target [0;1;39mveritysetup.target[0m - Local Verity Protected Volumes.
[0;21;39msystemd[1]: Reached target veritysetup.target - Local Verity Protected Volumes.[0m
[  163.432783] systemd[1]: Listening on systemd-creds.socket - Credential Encryption/Decryption.
[[0;32m  OK  [0m] Listening on [0;1;39msystemd-creds.socket[0m - Credential Encryption/Decryption.
[0;21;39msystemd[1]: Listening on systemd-creds.socket - Credential Encryption/Decryption.[0m
[  163.435366] systemd[1]: Listening on systemd-initctl.socket - initctl Compatibility Named Pipe.
[[0;32m  OK  [0m] Listening on [0;1;39msystemd-initctl.socke…[0m- initctl Compatibility Named Pipe.
[0;21;39msystemd[1]: Listening on systemd-initctl.socket - initctl Compatibility Named Pipe.[0m
[  163.438359] systemd[1]: Listening on systemd-journald-dev-log.socket - Journal Socket (/dev/log).
[[0;32m  OK  [0m] Listening on [0;1;39msystemd-journald-dev-…socket[0m - Journal Socket (/dev/log).
[  163.440381] systemd[1]: Listening on systemd-journald.socket - Journal Sockets.
[[0;32m  OK  [0m] Listening on [0;1;39msystemd-journald.socket[0m - Journal Sockets.
[0;21;39msystemd[1]: Listening on systemd-journald-dev-log.socket - Journal Socket (/dev/log).[0m
[0;21;39msystemd[1]: Listening on systemd-journ[  163.442067] systemd[1]: systemd-pcrextend.socket - TPM PCR Measurements skipped, unmet condition check ConditionSecurity=measured-uki
ald.socket - Journal Sockets.[0m
[0;21;39msystemd[1]: systemd-pcrextend.socket - TPM PCR Measurements skipped, unmet condition check ConditionSecurity=measured-uki[0m
[  163.442926] systemd[1]: systemd-pcrlock.socket - Make TPM PCR Policy skipped, unmet condition check ConditionSecurity=measured-uki
[  163.444658] systemd[1]: Listening on systemd-udevd-control.socket - udev Control Socket.
[[0;32m  OK  [0m] Listening on [0;1;39msystemd-udevd-control.socket[0m - udev Control Socket.
[0;21;39msystemd[1]: systemd-pcrlock.socket - Make TPM PCR Policy skipped, unmet condition check ConditionSecurity=measured-uki[0m
[0;21;39msystemd[1]: Listening on systemd-udevd-control.socket - udev Control Socket.[0m
[  163.446586] systemd[1]: Listening on systemd-udevd-kernel.socket - udev Kernel Socket.
[[0;32m  OK  [0m] Listening on [0;1;39msystemd-udevd-kernel.socket[0m - udev Kernel Socket.
[0;21;39msystemd[1]: Listening on systemd-udevd-kernel.socket - udev Kernel Socket.[0m
[  163.818724] systemd[1]: Mounting dev-hugepages.mount - Huge Pages File System...
         Mounting [0;1;39mdev-hugepages.mount[0m - Huge Pages File System...
[0;21;39msystemd[1]: Mounting dev-hugepages.mount - Huge Pages File System...[0m
[  163.838843] systemd[1]: Mounting dev-mqueue.mount - POSIX Message Queue File System...
         Mounting [0;1;39mdev-mqueue.mount[0m - POSIX Message Queue File System...
[0;21;39msystemd[1]: Mounting dev-mqueue.mount - POSIX Message Queue File System...[0m
[  163.866679] systemd[1]: Mounting run-lock.mount - Legacy Locks Directory /run/lock...
         Mounting [0;1;39mrun-lock.mount[0m - Legacy Locks Directory /run/lock...
[0;21;39msystemd[1]: Mounting run-lock.mount - Legacy Locks Directory /run/lock...[0m
[  163.892611] systemd[1]: Mounting sys-kernel-debug.mount - Kernel Debug File System...
         Mounting [0;1;39msys-kernel-debug.mount[0m - Kernel Debug File System...
[0;21;39msystemd[1]: Mounting sys-kernel-debug.mount - Kernel Debug File System...[0m
[  163.990864] systemd[1]: Mounting sys-kernel-tracing.mount - Kernel Trace File System...
         Mounting [0;1;39msys-kernel-tracing.mount[0m - Kernel Trace File System...
[0;21;39msystemd[1]: Mounting sys-kernel-tracing.mount - Kernel Trace File System...[0m
[  164.070493] systemd[1]: Starting kmod-static-nodes.service - Create List of Static Device Nodes...
[0;21;39msystemd[1]: Starting kmod-static-nodes.service - Create List of Static Device Nodes...[0m
         Starting [0;1;39mkmod-static-nodes.service[0m…eate List of Static Device Nodes...
[  164.149337] systemd[1]: Starting modprobe@configfs.service - Load Kernel Module configfs...
         Starting [0;1;39mmodprobe@configfs.service[0m - Load Kernel Module configfs...
[0;21;39msystemd[1]: Starting modprobe@configfs.service - Load Kernel Module configfs...[0m
[  164.175850] systemd[1]: Starting modprobe@drm.service - Load Kernel Module drm...
         Starting [0;1;39mmodprobe@drm.service[0m - Load Kernel Module drm...[0;21;39msystemd[1]: Starting modprobe@drm.service - Load Kernel Module drm...[0m

[  164.267616] systemd[1]: Starting modprobe@efi_pstore.service - Load Kernel Module efi_pstore...
         Starting [0;1;39mmodprobe@efi_pstore.servi…[0m - Load Kernel Module efi_pstore...
[0;21;39msystemd[1]: Starting modprobe@efi_pstore.service - Load Kernel Module efi_pstore...[0m
[  164.352471] systemd[1]: Starting modprobe@fuse.service - Load Kernel Module fuse...
         Starting [0;1;39mmodprobe@fuse.service[0m - Load Kernel Module fuse...[0;21;39msystemd[1]: Starting modprobe@fuse.service - Load Kernel Module fuse...[0m

[  164.355942] systemd[1]: systemd-hibernate-clear.service - Clear Stale Hibernate Storage Info skipped, unmet condition check ConditionPathExists=/sys/firmware/efi/efivars/HibernateLocation-8cf2644b-4b0b-428f-9387-6d876050dc67
[0;21;39msystemd[1]: systemd-hibernate-clear.service - Clear Stale Hibernate Storage Info skipped, unmet condition check ConditionPathExists=/sys/firmware/efi/efivars/HibernateLocation-8cf2644b-4b0b-428f-9387-6d876050dc67[0m
[  164.447921] systemd[1]: Starting systemd-journald.service - Journal Service...
         Starting [0;1;39msystemd-journald.service[0m - Journal Service...[0;21;39msystemd[1]: Starting systemd-journald.service - Journal Service...[0m

[  164.601011] systemd[1]: Starting systemd-modules-load.service - Load Kernel Modules...
[0;21;39msystemd[1]: Starting systemd-modules-load.service - Load Kernel Modules...[0m
[  164.638858] systemd[1]: systemd-pcrmachine.service - TPM PCR Machine ID Measurement skipped, unmet condition check ConditionSecurity=measured-uki
[0;21;39msystemd[1]: systemd-pcrmachine.service - TPM PCR Machine ID Measurement skipped, unmet condition check ConditionSecurity=measured-uki[0m
         Starting [0;1;39msystemd-modules-load.service[0m - Load Kernel Modules...
[  164.696175] systemd[1]: Starting systemd-remount-fs.service - Remount Root and Kernel File Systems...
         Starting [0;1;39msystemd-remount-fs.servic…[0munt Root and Kernel File Systems...
[0;21;39msystemd[1]: Starting systemd-remount-fs.service - Remount Root and Kernel File Systems...[0m
[  164.702066] systemd[1]: systemd-tpm2-setup-early.service - Early TPM SRK Setup skipped, unmet condition check ConditionSecurity=measured-uki
[0;21;39msystemd[1]: systemd-tpm2-setup-early.service - Early TPM SRK Setup skipped, unmet condition check ConditionSecurity=measured-uki[0m
[  164.747388] systemd[1]: Starting systemd-udev-load-credentials.service - Load udev Rules from Credentials...
         Starting [0;1;39msystemd-udev-load-credent…[0mLoad udev Rules from Credentials...
[0;21;39msystemd[1]: Starting systemd-udev-load-credentials.service - Load udev Rules from Credentials...[0m
[  164.803679] systemd[1]: Starting systemd-udev-trigger.service - Coldplug All udev Devices...
         Starting [0;1;39msystemd-udev-trigger.service[0m - Coldplug All udev Devices...[0;21;39msystemd[1]: Starting systemd-udev-trigger.service - Coldplug All udev Devices...[0m

[  164.954253] systemd[1]: Mounted dev-hugepages.mount - Huge Pages File System.
[0;21;39msystemd[1]: Mounted dev-hugepages.mount - Huge Pages File System.[0m
[  164.959389] systemd[1]: Mounted dev-mqueue.mount - POSIX Message Queue File System.
[[0;32m  OK  [0m] Mounted [0;1;39mdev-hugepages.mount[0m - Huge Pages File System.
[[0;32m  OK  [0m] Mounted [0;1;39mdev-mqueue.mount[0m - POSIX Message Queue File System.[  164.964056] systemd[1]: Mounted run-lock.mount - Legacy Locks Directory /run/lock.

[[0;32m  OK  [0m] Mounted [0;1;39mrun-lock.mount[0m - Legacy Locks Directory /run/lock.
[0;21;39msystemd[1]: Mounted dev-mqueue.mount - POSIX Message Queue File System.[0m
[0;21;39msystemd[1]: Mounted run-lock.mount - Legacy Locks Directory /run/lock.[0m
[  164.967321] systemd[1]: Mounted sys-kernel-debug.mount - Kernel Debug File System.
[[0;32m  OK  [0m] Mounted [0;1;39msys-kernel-debug.mount[0m - Kernel Debug File System.
[0;21;39msystemd[1]: Mounted sys-kernel-debug.mount - Kernel Debug File System.[0m
[  164.970352] systemd[1]: Mounted sys-kernel-tracing.mount - Kernel Trace File System.
[[0;32m  OK  [0m] Mounted [0;1;39msys-kernel-tracing.mount[0m - Kernel Trace File System.
[0;21;39msystemd[1]: Mounted sys-kernel-tracing.mount - Kernel Trace File System.[0m
[  164.980402] systemd[1]: Finished kmod-static-nodes.service - Create List of Static Device Nodes.
[[0;32m  OK  [0m] Finished [0;1;39mkmod-static-nodes.service[0m…Create List of Static Device Nodes.
[0;21;39msystemd[1]: Finished kmod-static-nodes.service - Create List of Static Device Nodes.[0m
[  164.991808] systemd[1]: modprobe@drm.service: Deactivated successfully.
[0;21;39msystemd[1]: modprobe@drm.service: Deactivated successfully.[0m
[  165.000861] systemd[1]: Finished modprobe@drm.service - Load Kernel Module drm.
[0;21;39msystemd[1]: Finished modprobe@drm.service - Load Kernel Module drm.[0m
[[0;32m  OK  [0m] Finished [0;1;39mmodprobe@drm.service[0m - Load Kernel Module drm.
[  165.010660] systemd[1]: modprobe@fuse.service: Deactivated successfully.
[  165.013375] systemd[1]: Finished modprobe@fuse.service - Load Kernel Module fuse.
[0;21;39msystemd[1]: modprobe@fuse.service: Deactivated successfully.[0m
[0;21;39msystemd[1]: Finished modprobe@fuse.service - Load Kernel Module fuse.[0m
[[0;32m  OK  [0m] Finished [0;1;39mmodprobe@fuse.service[0m - Load Kernel Module fuse.
[  165.035239] systemd[1]: Mounting sys-fs-fuse-connections.mount - FUSE Control File System...
         Mounting [0;1;39msys-fs-fuse-connections.mount[0m - FUSE Control File System...
[0;21;39msystemd[1]: Mounting sys-fs-fuse-connections.mount - FUSE Control File System...[0m
[  165.048429] systemd[1]: Starting systemd-tmpfiles-setup-dev-early.service - Create Static Device Nodes in /dev gracefully...
         Starting [0;1;39msystemd-tmpfiles-setup-de…[0m Device Nodes in /dev gracefully...
[0;21;39msystemd[1]: Starting systemd-tmpfiles-setup-dev-early.service - Create Static Device Nodes in /dev gracefully...[0m
[  165.163190] systemd[1]: Mounted sys-fs-fuse-connections.mount - FUSE Control File System.
[[0;32m  OK  [0m] Mounted [0;1;39msys-fs-fuse-connections.mount[0m - FUSE Control File System.
[0;21;39msystemd[1]: Mounted sys-fs-fuse-connections.mount - FUSE Control File System.[0m
[  165.692556] systemd[1]: modprobe@configfs.service: Deactivated successfully.
[0;21;39msystemd[1]: modprobe@configfs.service: Deactivated successfully.[0m
[  165.696424] systemd[1]: Finished modprobe@configfs.service - Load Kernel Module configfs.
[[0;32m  OK  [0m] Finished [0;1;39mmodprobe@configfs.service[0m - Load Kernel Module configfs.
[0;21;39msystemd[1]: Finished modprobe@configfs.service - Load Kernel Module configfs.[0m
[  165.712858] systemd[1]: Mounting sys-kernel-config.mount - Kernel Configuration File System...
[0;21;39msystemd[1]: Mounting sys-kernel-config.mount - Kernel Configuration File System...[0m
         Mounting [0;1;39msys-kernel-config.mount[0m - Kernel Configuration File System...
[  165.846028] systemd[1]: Mounted sys-kernel-config.mount - Kernel Configuration File System.
[0;21;39msystemd[1]: Mounted sys-kernel-config.mount - Kernel Configuration File System.[0m
[[0;32m  OK  [0m] Mounted [0;1;39msys-kernel-config.mount[0m - Kernel Configuration File System.
[  166.559732] systemd[1]: modprobe@efi_pstore.service: Deactivated successfully.
[0;21;39msystemd[1]: modprobe@efi_pstore.service: Deactivated successfully.[0m
[  166.568971] systemd[1]: Finished modprobe@efi_pstore.service - Load Kernel Module efi_pstore.
[0;21;39msystemd[1]: Finished modprobe@efi_pstore.service - Load Kernel Module efi_pstore.[0m
[[0;32m  OK  [0m] Finished [0;1;39mmodprobe@efi_pstore.service[0m - Load Kernel Module efi_pstore.
[  166.841528] systemd[1]: Finished systemd-remount-fs.service - Remount Root and Kernel File Systems.
[[0;32m  OK  [0m] Finished [0;1;39msystemd-remount-fs.servic…[0mmount Root and Kernel File Systems.
[0;21;39msystemd[1]: Finished systemd-remount-fs.service - Remount Root and Kernel File Systems.[0m
[  166.947700] systemd[1]: systemd-hwdb-update.service - Rebuild Hardware Database skipped, no trigger condition checks were met.
[  166.948855] systemd[1]: systemd-pstore.service - Platform Persistent Storage Archival skipped, unmet condition check ConditionDirectoryNotEmpty=/sys/fs/pstore
[0;21;39msystemd[1]: systemd-hwdb-update.service - Rebuild Hardware Database skipped, no trigger condition checks were met.[0m
[0;21;39msystemd[1]: systemd-pstore.service - Platform Persistent Storage Archival skipped, unmet condition check ConditionDirectoryNotEmpty=/sys/fs/pstore[0m
[  166.971487] systemd[1]: Starting systemd-random-seed.service - Load/Save OS Random Seed...
         Starting [0;1;39msystemd-random-seed.service[0m - Load/Save OS Random Seed...[  166.972799] systemd[1]: systemd-tpm2-setup.service - TPM SRK Setup skipped, unmet condition check ConditionSecurity=measured-uki

[0;21;39msystemd[1]: Starting systemd-random-seed.service - Load/Save OS Random Seed...[0m
[0;21;39msystemd[1]: systemd-tpm2-setup.service - TPM SRK Setup skipped, unmet condition check ConditionSecurity=measured-uki[0m
[  167.241181] systemd[1]: Finished systemd-udev-load-credentials.service - Load udev Rules from Credentials.
[0;21;39msystemd[1]: Finished systemd-udev-load-credentials.service - Load udev Rules from Credentials.[0m
[[0;32m  OK  [0m] Finished [0;1;39msystemd-udev-load-credent…[0m- Load udev Rules from Credentials.
[  167.264702] systemd-journald[749]: Collecting audit messages is disabled.
[0;21;39msystemd-journald[749]: Collecting audit messages is disabled.[0m
[  168.089142] systemd[1]: Finished systemd-udev-trigger.service - Coldplug All udev Devices.
[0;21;39msystemd[1]: Finished systemd-udev-trigger.service - Coldplug All udev Devices.[0m
[[0;32m  OK  [0m] Finished [0;1;39msystemd-udev-trigger.service[0m - Coldplug All udev Devices.
[  168.527262] systemd[1]: Started systemd-journald.service - Journal Service.
[[0;32m  OK  [0m] Started [0;1;39msystemd-journald.service[0m - Journal Service.
[0;21;39msystemd[1]: Started systemd-journald.service - Journal Service.[0m
         Starting [0;1;39msystemd-journal-flush.ser…[0msh Journal to Persistent Storage...
[[0;32m  OK  [0m] Finished [0;1;39msystemd-random-seed.service[0m - Load/Save OS Random Seed.
[  169.609851] lp: driver loaded but no devices found
[0;21;39mlp: driver loaded but no devices found[0m
[  169.694741] ppdev: user-space parallel port driver
[0;21;39mppdev: user-space parallel port driver[0m
[  169.763618] systemd-journald[749]: Received client request to flush runtime journal.
[0;21;39msystemd-journald[749]: Received client request to flush runtime journal.[0m
[  169.774430] parport_pc 00:03: reported by Plug and Play ACPI
[  169.775721] parport0: PC-style at 0x378, irq 7 [PCSPP,TRISTATE]
[0;21;39mparport_pc 00:03: reported by Plug and Play ACPI[0m
[0;21;39mparport0: PC-style at 0x378, irq 7 [PCSPP,TRISTATE][0m
[[0;32m  OK  [0m] Finished [0;1;39msystemd-tmpfiles-setup-de…[0mic Device Nodes in /dev gracefully.
         Starting [0;1;39msystemd-sysusers.service[0m - Create System Users...
[  169.892721] lp0: using parport0 (interrupt-driven).
[0;21;39mlp0: using parport0 (interrupt-driven).[0m
[[0m[0;31m*     [0m] (1 of 4) Job dev-ttyS0.device/start running (9s / 1min 31s)
[  172.396705] i2c_dev: i2c /dev entries driver
[0;21;39mi2c_dev: i2c /dev entries driver[0m
M[K[[0;1;31m*[0m[0;31m*    [0m] (1 of 4) Job dev-ttyS0.device/start running (10s / 1min 31s)
M[K[[0;31m*[0;1;31m*[0m[0;31m*   [0m] (1 of 4) Job dev-ttyS0.device/start running (10s / 1min 31s)
M[K[ [0;31m*[0;1;31m*[0m[0;31m*  [0m] (2 of 4) Job systemd-modules-load.s…ice/start running (11s / 1min 31s)
M[K[  [0;31m*[0;1;31m*[0m[0;31m* [0m] (2 of 4) Job systemd-modules-load.s…ice/start running (11s / 1min 31s)
M[K[   [0;31m*[0;1;31m*[0m[0;31m*[0m] (2 of 4) Job systemd-modules-load.s…ice/start running (12s / 1min 31s)
M[K[[0;32m  OK  [0m] Finished [0;1;39msystemd-modules-load.service[0m - Load Kernel Modules.
[K         Starting [0;1;39msystemd-sysctl.service[0m - Apply Kernel Variables...
[[0;32m  OK  [0m] Finished [0;1;39msystemd-sysusers.service[0m - Create System Users.
         Starting [0;1;39msystemd-timesyncd.service[0m - Network Time Synchronization...
         Starting [0;1;39msystemd-tmpfiles-setup-de…[0meate Static Device Nodes in /dev...
[[0;32m  OK  [0m] Finished [0;1;39msystemd-tmpfiles-setup-de…[0mCreate Static Device Nodes in /dev.
[[0;32m  OK  [0m] Reached target [0;1;39mlocal-fs-pre.target[0m…Preparation for Local File Systems.
         Mounting [0;1;39mtmp.mount[0m - /tmp...
         Starting [0;1;39msystemd-udevd.service[0m - R…ager for Device Events and Files...
[[0;32m  OK  [0m] Finished [0;1;39msystemd-sysctl.service[0m - Apply Kernel Variables.
[[0;32m  OK  [0m] Started [0;1;39msystemd-timesyncd.service[0m - Network Time Synchronization.
[[0;32m  OK  [0m] Reached target [0;1;39mtime-set.target[0m - System Time Set.
[[0;32m  OK  [0m] Mounted [0;1;39mtmp.mount[0m - /tmp.
[[0;32m  OK  [0m] Reached target [0;1;39mlocal-fs.target[0m - Local File Systems.
[[0;32m  OK  [0m] Listening on [0;1;39msystemd-sysext.socket[0m… System Extension Image Management.
         Starting [0;1;39mplymouth-read-write.servi…[0mymouth To Write Out Runtime Data...
         Starting [0;1;39msystemd-binfmt.service[0m - Set Up Additional Binary Formats...
         Mounting [0;1;39mproc-sys-fs-binfmt_misc.m…[0mcutable File Formats File System...
[    [0;31m*[0;1;31m*[0m] (3 of 6) Job proc-sys-fs-binfmt_mis…ount/start running (1s / 1min 30s)
M[K[[0;32m  OK  [0m] Finished [0;1;39msystemd-journal-flush.ser…[0mlush Journal to Persistent Storage.
[K[[0;32m  OK  [0m] Mounted [0;1;39mproc-sys-fs-binfmt_misc.mo…[0mxecutable File Formats File System.
         Starting [0;1;39msystemd-tmpfiles-setup.se…[0mate System Files and Directories...
[[0;32m  OK  [0m] Finished [0;1;39mplymouth-read-write.servi…[0mPlymouth To Write Out Runtime Data.
[[0;32m  OK  [0m] Finished [0;1;39msystemd-binfmt.service[0m - Set Up Additional Binary Formats.
[[0;32m  OK  [0m] Finished [0;1;39msystemd-tmpfiles-setup.se…[0mreate System Files and Directories.
         Starting [0;1;39mldconfig.service[0m - Rebuild Dynamic Linker Cache...
         Starting [0;1;39mlive-config.service[0m - liv…e boot process (late userspace)....
         Starting [0;1;39msystemd-journal-catalog-u…ervice[0m - Rebuild Journal Catalog...
[[0;32m  OK  [0m] Started [0;1;39msystemd-udevd.service[0m - Ru…anager for Device Events and Files.
         Starting [0;1;39mplymouth-start.service[0m - Show Plymouth Boot Screen...
[[0;32m  OK  [0m] Found device [0;1;39mdev-ttyS0.device[0m - /dev/ttyS0.
[     [0;31m*[0m] (3 of 4) Job systemd-journal-catalo…ice/start running (24s / 1min 49s)
M[K[[0;32m  OK  [0m] Started [0;1;39mplymouth-start.service[0m - Show Plymouth Boot Screen.
[K[[0;32m  OK  [0m] Started [0;1;39msystemd-ask-password-plymo…[0mquests to Plymouth Directory Watch.
[[0;32m  OK  [0m] Reached target [0;1;39mcryptsetup.target[0m - Local Encrypted Volumes.
[  189.511222] input: PC Speaker as /devices/platform/pcspkr/input/input4
[0;21;39minput: PC Speaker as /devices/platform/pcspkr/input/input4[0m
[    [0;31m*[0;1;31m*[0m] (3 of 3) Job ldconfig.service/start running (557us / no limit)
M[K         Starting [0;1;39mmodprobe@efi_pstore.servi…[0m - Load Kernel Module efi_pstore...
[K[[0;32m  OK  [0m] Finished [0;1;39mmodprobe@efi_pstore.service[0m - Load Kernel Module efi_pstore.
[[0;32m  OK  [0m] Finished [0;1;39msystemd-journal-catalog-u….service[0m - Rebuild Journal Catalog.
[  192.822990] sr 1:0:0:0: Attached scsi generic sg0 type 5
[  192.823674] sd 2:0:0:0: Attached scsi generic sg1 type 0
[0;21;32msr 1:0:0:0: Attached scsi generic sg0 type 5[0m
[0;21;32msd 2:0:0:0: Attached scsi generic sg1 type 0[0m
[  194.304774] kvm_amd: Nested Virtualization enabled
[  194.305122] kvm_amd: Nested Paging disabled
[0;21;39mkvm_amd: Nested Virtualization enabled[0m
[0;21;39mkvm_amd: Nested Paging disabled[0m
[  194.307681] kvm_amd: PMU virtualization is disabled
[0;21;39mkvm_amd: PMU virtualization is disabled[0m
[   [0;31m*[0;1;31m*[0m[0;31m*[0m] (2 of 2) Job ldconfig.service/start running (5s / no limit)
M[K[  [0;31m*[0;1;31m*[0m[0;31m* [0m] (2 of 2) Job ldconfig.service/start running (5s / no limit)
[  195.901230] powernow_k8: Power state transitions not supported
[  195.904537] powernow_k8: Power state transitions not supported
[0;21;39mpowernow_k8: Power state transitions not supported[0m
[0;21;39mpowernow_k8: Power state transitions not supported[0m
M[K[ [0;31m*[0;1;31m*[0m[0;31m*  [0m] (2 of 2) Job ldconfig.service/start running (6s / no limit)
M[K[[0;31m*[0;1;31m*[0m[0;31m*   [0m] (1 of 2) Job live-config.service/start running (34s / no limit)
M[K[[0;1;31m*[0m[0;31m*    [0m] (1 of 2) Job live-config.service/start running (34s / no limit)
M[K[[0m[0;31m*     [0m] (1 of 2) Job live-config.service/start running (35s / no limit)
M[K[[0;1;31m*[0m[0;31m*    [0m] (2 of 2) Job ldconfig.service/start running (8s / no limit)
M[K[[0;31m*[0;1;31m*[0m[0;31m*   [0m] (2 of 2) Job ldconfig.service/start running (8s / no limit)
M[K[ [0;31m*[0;1;31m*[0m[0;31m*  [0m] (2 of 2) Job ldconfig.service/start running (9s / no limit)
M[K[  [0;31m*[0;1;31m*[0m[0;31m* [0m] (1 of 2) Job live-config.service/start running (37s / no limit)
M[K[   [0;31m*[0;1;31m*[0m[0;31m*[0m] (1 of 2) Job live-config.service/start running (37s / no limit)
M[K[    [0;31m*[0;1;31m*[0m] (1 of 2) Job live-config.service/start running (38s / no limit)
M[K[     [0;31m*[0m] (2 of 2) Job ldconfig.service/start running (11s / no limit)
M[K[    [0;31m*[0;1;31m*[0m] (2 of 2) Job ldconfig.service/start running (11s / no limit)
M[K[   [0;31m*[0;1;31m*[0m[0;31m*[0m] (2 of 2) Job ldconfig.service/start running (12s / no limit)
M[K[  [0;31m*[0;1;31m*[0m[0;31m* [0m] (1 of 2) Job live-config.service/start running (40s / no limit)
M[K[ [0;31m*[0;1;31m*[0m[0;31m*  [0m] (1 of 2) Job live-config.service/start running (40s / no limit)
M[K[[0;31m*[0;1;31m*[0m[0;31m*   [0m] (1 of 2) Job live-config.service/start running (41s / no limit)
M[K[[0;1;31m*[0m[0;31m*    [0m] (2 of 2) Job ldconfig.service/start running (14s / no limit)
M[K[[0m[0;31m*     [0m] (2 of 2) Job ldconfig.service/start running (14s / no limit)
M[K[[0;1;31m*[0m[0;31m*    [0m] (2 of 2) Job ldconfig.service/start running (15s / no limit)
M[K[[0;31m*[0;1;31m*[0m[0;31m*   [0m] (1 of 2) Job live-config.service/start running (43s / no limit)
M[K[ [0;31m*[0;1;31m*[0m[0;31m*  [0m] (1 of 2) Job live-config.service/start running (43s / no limit)
M[K[  [0;31m*[0;1;31m*[0m[0;31m* [0m] (1 of 2) Job live-config.service/start running (44s / no limit)
M[K[   [0;31m*[0;1;31m*[0m[0;31m*[0m] (2 of 2) Job ldconfig.service/start running (17s / no limit)
M[K[    [0;31m*[0;1;31m*[0m] (2 of 2) Job ldconfig.service/start running (17s / no limit)
M[K[     [0;31m*[0m] (2 of 2) Job ldconfig.service/start running (18s / no limit)
M[K[    [0;31m*[0;1;31m*[0m] (1 of 2) Job live-config.service/start running (46s / no limit)
M[K[   [0;31m*[0;1;31m*[0m[0;31m*[0m] (1 of 2) Job live-config.service/start running (46s / no limit)
M[K[  [0;31m*[0;1;31m*[0m[0;31m* [0m] (1 of 2) Job live-config.service/start running (47s / no limit)
M[K[ [0;31m*[0;1;31m*[0m[0;31m*  [0m] (2 of 2) Job ldconfig.service/start running (20s / no limit)
M[K[[0;31m*[0;1;31m*[0m[0;31m*   [0m] (2 of 2) Job ldconfig.service/start running (20s / no limit)
M[K[[0;1;31m*[0m[0;31m*    [0m] (2 of 2) Job ldconfig.service/start running (21s / no limit)
M[K[[0m[0;31m*     [0m] (1 of 2) Job live-config.service/start running (49s / no limit)
M[K[[0;1;31m*[0m[0;31m*    [0m] (1 of 2) Job live-config.service/start running (49s / no limit)
M[K[[0;31m*[0;1;31m*[0m[0;31m*   [0m] (1 of 2) Job live-config.service/start running (50s / no limit)
M[K[ [0;31m*[0;1;31m*[0m[0;31m*  [0m] (2 of 2) Job ldconfig.service/start running (23s / no limit)
M[K[  [0;31m*[0;1;31m*[0m[0;31m* [0m] (2 of 2) Job ldconfig.service/start running (23s / no limit)
M[K[   [0;31m*[0;1;31m*[0m[0;31m*[0m] (2 of 2) Job ldconfig.service/start running (24s / no limit)
M[K[    [0;31m*[0;1;31m*[0m] (1 of 2) Job live-config.service/start running (52s / no limit)
M[K[     [0;31m*[0m] (1 of 2) Job live-config.service/start running (52s / no limit)
M[K[    [0;31m*[0;1;31m*[0m] (1 of 2) Job live-config.service/start running (53s / no limit)
M[K[   [0;31m*[0;1;31m*[0m[0;31m*[0m] (2 of 2) Job ldconfig.service/start running (26s / no limit)
M[K[  [0;31m*[0;1;31m*[0m[0;31m* [0m] (2 of 2) Job ldconfig.service/start running (26s / no limit)
M[K[ [0;31m*[0;1;31m*[0m[0;31m*  [0m] (2 of 2) Job ldconfig.service/start running (27s / no limit)
M[K[[0;31m*[0;1;31m*[0m[0;31m*   [0m] (1 of 2) Job live-config.service/start running (55s / no limit)
M[K[[0;1;31m*[0m[0;31m*    [0m] (1 of 2) Job live-config.service/start running (55s / no limit)
M[K[[0m[0;31m*     [0m] (1 of 2) Job live-config.service/start running (56s / no limit)
M[K[[0;1;31m*[0m[0;31m*    [0m] (2 of 2) Job ldconfig.service/start running (29s / no limit)
M[K[[0;31m*[0;1;31m*[0m[0;31m*   [0m] (2 of 2) Job ldconfig.service/start running (29s / no limit)
M[K[ [0;31m*[0;1;31m*[0m[0;31m*  [0m] (2 of 2) Job ldconfig.service/start running (30s / no limit)
M[K[  [0;31m*[0;1;31m*[0m[0;31m* [0m] (1 of 2) Job live-config.service/start running (58s / no limit)
M[K[   [0;31m*[0;1;31m*[0m[0;31m*[0m] (1 of 2) Job live-config.service/start running (58s / no limit)
M[K[    [0;31m*[0;1;31m*[0m] (1 of 2) Job live-config.service/start running (59s / no limit)
M[K[     [0;31m*[0m] (2 of 2) Job ldconfig.service/start running (32s / no limit)
M[K[    [0;31m*[0;1;31m*[0m] (2 of 2) Job ldconfig.service/start running (32s / no limit)
M[K[   [0;31m*[0;1;31m*[0m[0;31m*[0m] (2 of 2) Job ldconfig.service/start running (33s / no limit)
M[K[  [0;31m*[0;1;31m*[0m[0;31m* [0m] (1 of 2) Job live-config.service/start running (1min 1s / no limit)
M[K[ [0;31m*[0;1;31m*[0m[0;31m*  [0m] (1 of 2) Job live-config.service/start running (1min 1s / no limit)
M[K[[0;31m*[0;1;31m*[0m[0;31m*   [0m] (1 of 2) Job live-config.service/start running (1min 2s / no limit)
M[K[[0;1;31m*[0m[0;31m*    [0m] (2 of 2) Job ldconfig.service/start running (35s / no limit)
M[K[[0m[0;31m*     [0m] (2 of 2) Job ldconfig.service/start running (35s / no limit)
M[K[[0;1;31m*[0m[0;31m*    [0m] (2 of 2) Job ldconfig.service/start running (36s / no limit)
M[K[[0;31m*[0;1;31m*[0m[0;31m*   [0m] (1 of 2) Job live-config.service/start running (1min 4s / no limit)
M[K[ [0;31m*[0;1;31m*[0m[0;31m*  [0m] (1 of 2) Job live-config.service/start running (1min 4s / no limit)
M[K[  [0;31m*[0;1;31m*[0m[0;31m* [0m] (1 of 2) Job live-config.service/start running (1min 5s / no limit)
M[K[   [0;31m*[0;1;31m*[0m[0;31m*[0m] (2 of 2) Job ldconfig.service/start running (38s / no limit)
M[K[    [0;31m*[0;1;31m*[0m] (2 of 2) Job ldconfig.service/start running (38s / no limit)
M[K[     [0;31m*[0m] (2 of 2) Job ldconfig.service/start running (39s / no limit)
M[K[    [0;31m*[0;1;31m*[0m] (1 of 2) Job live-config.service/start running (1min 7s / no limit)
M[K[   [0;31m*[0;1;31m*[0m[0;31m*[0m] (1 of 2) Job live-config.service/start running (1min 7s / no limit)
M[K[  [0;31m*[0;1;31m*[0m[0;31m* [0m] (1 of 2) Job live-config.service/start running (1min 8s / no limit)
M[K[ [0;31m*[0;1;31m*[0m[0;31m*  [0m] (2 of 2) Job ldconfig.service/start running (41s / no limit)
M[K[[0;31m*[0;1;31m*[0m[0;31m*   [0m] (2 of 2) Job ldconfig.service/start running (41s / no limit)
M[K[[0;1;31m*[0m[0;31m*    [0m] (2 of 2) Job ldconfig.service/start running (42s / no limit)
M[K[[0m[0;31m*     [0m] (1 of 2) Job live-config.service/start running (1min 10s / no limit)
M[K[[0;1;31m*[0m[0;31m*    [0m] (1 of 2) Job live-config.service/start running (1min 10s / no limit)
M[K[[0;31m*[0;1;31m*[0m[0;31m*   [0m] (1 of 2) Job live-config.service/start running (1min 11s / no limit)
M[K[ [0;31m*[0;1;31m*[0m[0;31m*  [0m] (2 of 2) Job ldconfig.service/start running (44s / no limit)
M[K[  [0;31m*[0;1;31m*[0m[0;31m* [0m] (2 of 2) Job ldconfig.service/start running (44s / no limit)
M[K[   [0;31m*[0;1;31m*[0m[0;31m*[0m] (2 of 2) Job ldconfig.service/start running (45s / no limit)
M[K[    [0;31m*[0;1;31m*[0m] (1 of 2) Job live-config.service/start running (1min 13s / no limit)
M[K[     [0;31m*[0m] (1 of 2) Job live-config.service/start running (1min 13s / no limit)
M[K[    [0;31m*[0;1;31m*[0m] (1 of 2) Job live-config.service/start running (1min 14s / no limit)
M[K[   [0;31m*[0;1;31m*[0m[0;31m*[0m] (2 of 2) Job ldconfig.service/start running (47s / no limit)
M[K[  [0;31m*[0;1;31m*[0m[0;31m* [0m] (2 of 2) Job ldconfig.service/start running (47s / no limit)
M[K[ [0;31m*[0;1;31m*[0m[0;31m*  [0m] (2 of 2) Job ldconfig.service/start running (48s / no limit)
M[K[[0;31m*[0;1;31m*[0m[0;31m*   [0m] (1 of 2) Job live-config.service/start running (1min 16s / no limit)
M[K[[0;1;31m*[0m[0;31m*    [0m] (1 of 2) Job live-config.service/start running (1min 16s / no limit)
M[K[[0m[0;31m*     [0m] (1 of 2) Job live-config.service/start running (1min 17s / no limit)
M[K[[0;1;31m*[0m[0;31m*    [0m] (2 of 2) Job ldconfig.service/start running (50s / no limit)
M[K[[0;31m*[0;1;31m*[0m[0;31m*   [0m] (2 of 2) Job ldconfig.service/start running (50s / no limit)
M[K[ [0;31m*[0;1;31m*[0m[0;31m*  [0m] (2 of 2) Job ldconfig.service/start running (51s / no limit)
M[K[  [0;31m*[0;1;31m*[0m[0;31m* [0m] (1 of 2) Job live-config.service/start running (1min 19s / no limit)
M[K[   [0;31m*[0;1;31m*[0m[0;31m*[0m] (1 of 2) Job live-config.service/start running (1min 19s / no limit)
M[K[    [0;31m*[0;1;31m*[0m] (1 of 2) Job live-config.service/start running (1min 20s / no limit)
M[K[     [0;31m*[0m] (2 of 2) Job ldconfig.service/start running (53s / no limit)
M[K[    [0;31m*[0;1;31m*[0m] (2 of 2) Job ldconfig.service/start running (53s / no limit)
M[K[   [0;31m*[0;1;31m*[0m[0;31m*[0m] (2 of 2) Job ldconfig.service/start running (54s / no limit)
M[K[  [0;31m*[0;1;31m*[0m[0;31m* [0m] (1 of 2) Job live-config.service/start running (1min 22s / no limit)
M[K[ [0;31m*[0;1;31m*[0m[0;31m*  [0m] (1 of 2) Job live-config.service/start running (1min 22s / no limit)
M[K[[0;31m*[0;1;31m*[0m[0;31m*   [0m] (1 of 2) Job live-config.service/start running (1min 23s / no limit)
M[K[[0;1;31m*[0m[0;31m*    [0m] (2 of 2) Job ldconfig.service/start running (56s / no limit)
M[K[[0m[0;31m*     [0m] (2 of 2) Job ldconfig.service/start running (56s / no limit)
M[K[[0;1;31m*[0m[0;31m*    [0m] (2 of 2) Job ldconfig.service/start running (57s / no limit)
M[K[[0;31m*[0;1;31m*[0m[0;31m*   [0m] (1 of 2) Job live-config.service/start running (1min 25s / no limit)
M[K[ [0;31m*[0;1;31m*[0m[0;31m*  [0m] (1 of 2) Job live-config.service/start running (1min 25s / no limit)
M[K[  [0;31m*[0;1;31m*[0m[0;31m* [0m] (1 of 2) Job live-config.service/start running (1min 26s / no limit)
M[K[   [0;31m*[0;1;31m*[0m[0;31m*[0m] (2 of 2) Job ldconfig.service/start running (59s / no limit)
M[K[    [0;31m*[0;1;31m*[0m] (2 of 2) Job ldconfig.service/start running (59s / no limit)
M[K[     [0;31m*[0m] (2 of 2) Job ldconfig.service/start running (1min / no limit)
M[K[    [0;31m*[0;1;31m*[0m] (1 of 2) Job live-config.service/start running (1min 28s / no limit)
M[K[   [0;31m*[0;1;31m*[0m[0;31m*[0m] (1 of 2) Job live-config.service/start running (1min 28s / no limit)
M[K[  [0;31m*[0;1;31m*[0m[0;31m* [0m] (1 of 2) Job live-config.service/start running (1min 29s / no limit)
M[K[ [0;31m*[0;1;31m*[0m[0;31m*  [0m] (2 of 2) Job ldconfig.service/start running (1min 2s / no limit)
M[K[[0;31m*[0;1;31m*[0m[0;31m*   [0m] (2 of 2) Job ldconfig.service/start running (1min 2s / no limit)
M[K[[0;1;31m*[0m[0;31m*    [0m] (2 of 2) Job ldconfig.service/start running (1min 3s / no limit)
M[K[[0m[0;31m*     [0m] (1 of 2) Job live-config.service/start running (1min 31s / no limit)
M[K[[0;1;31m*[0m[0;31m*    [0m] (1 of 2) Job live-config.service/start running (1min 31s / no limit)
M[K[[0;31m*[0;1;31m*[0m[0;31m*   [0m] (1 of 2) Job live-config.service/start running (1min 32s / no limit)
M[K[ [0;31m*[0;1;31m*[0m[0;31m*  [0m] (2 of 2) Job ldconfig.service/start running (1min 5s / no limit)
M[K[  [0;31m*[0;1;31m*[0m[0;31m* [0m] (2 of 2) Job ldconfig.service/start running (1min 5s / no limit)
M[K[   [0;31m*[0;1;31m*[0m[0;31m*[0m] (2 of 2) Job ldconfig.service/start running (1min 6s / no limit)
M[K[    [0;31m*[0;1;31m*[0m] (1 of 2) Job live-config.service/start running (1min 34s / no limit)
M[K[     [0;31m*[0m] (1 of 2) Job live-config.service/start running (1min 34s / no limit)
M[K[    [0;31m*[0;1;31m*[0m] (1 of 2) Job live-config.service/start running (1min 35s / no limit)
M[K[   [0;31m*[0;1;31m*[0m[0;31m*[0m] (2 of 2) Job ldconfig.service/start running (1min 8s / no limit)
M[K[  [0;31m*[0;1;31m*[0m[0;31m* [0m] (2 of 2) Job ldconfig.service/start running (1min 8s / no limit)
M[K[ [0;31m*[0;1;31m*[0m[0;31m*  [0m] (2 of 2) Job ldconfig.service/start running (1min 9s / no limit)
M[K[[0;31m*[0;1;31m*[0m[0;31m*   [0m] (1 of 2) Job live-config.service/start running (1min 37s / no limit)
M[K[[0;1;31m*[0m[0;31m*    [0m] (1 of 2) Job live-config.service/start running (1min 37s / no limit)
M[K[[0m[0;31m*     [0m] (1 of 2) Job live-config.service/start running (1min 38s / no limit)
M[K[[0;1;31m*[0m[0;31m*    [0m] (2 of 2) Job ldconfig.service/start running (1min 11s / no limit)
M[K[[0;31m*[0;1;31m*[0m[0;31m*   [0m] (2 of 2) Job ldconfig.service/start running (1min 11s / no limit)
M[K[ [0;31m*[0;1;31m*[0m[0;31m*  [0m] (2 of 2) Job ldconfig.service/start running (1min 12s / no limit)
M[K[  [0;31m*[0;1;31m*[0m[0;31m* [0m] (1 of 2) Job live-config.service/start running (1min 40s / no limit)
M[K[   [0;31m*[0;1;31m*[0m[0;31m*[0m] (1 of 2) Job live-config.service/start running (1min 40s / no limit)
M[K[    [0;31m*[0;1;31m*[0m] (1 of 2) Job live-config.service/start running (1min 41s / no limit)
M[K[     [0;31m*[0m] (2 of 2) Job ldconfig.service/start running (1min 14s / no limit)
M[K[    [0;31m*[0;1;31m*[0m] (2 of 2) Job ldconfig.service/start running (1min 14s / no limit)
M[K[   [0;31m*[0;1;31m*[0m[0;31m*[0m] (2 of 2) Job ldconfig.service/start running (1min 15s / no limit)
M[K[  [0;31m*[0;1;31m*[0m[0;31m* [0m] (1 of 2) Job live-config.service/start running (1min 43s / no limit)
M[K[ [0;31m*[0;1;31m*[0m[0;31m*  [0m] (1 of 2) Job live-config.service/start running (1min 43s / no limit)
M[K[[0;31m*[0;1;31m*[0m[0;31m*   [0m] (1 of 2) Job live-config.service/start running (1min 44s / no limit)
M[K[[0;1;31m*[0m[0;31m*    [0m] (2 of 2) Job ldconfig.service/start running (1min 17s / no limit)
M[K[[0m[0;31m*     [0m] (2 of 2) Job ldconfig.service/start running (1min 17s / no limit)
M[K[[0;1;31m*[0m[0;31m*    [0m] (2 of 2) Job ldconfig.service/start running (1min 18s / no limit)
M[K[[0;31m*[0;1;31m*[0m[0;31m*   [0m] (1 of 2) Job live-config.service/start running (1min 46s / no limit)
M[K[ [0;31m*[0;1;31m*[0m[0;31m*  [0m] (1 of 2) Job live-config.service/start running (1min 46s / no limit)
M[K[  [0;31m*[0;1;31m*[0m[0;31m* [0m] (1 of 2) Job live-config.service/start running (1min 47s / no limit)
M[K[   [0;31m*[0;1;31m*[0m[0;31m*[0m] (2 of 2) Job ldconfig.service/start running (1min 20s / no limit)
M[K[    [0;31m*[0;1;31m*[0m] (2 of 2) Job ldconfig.service/start running (1min 20s / no limit)
M[K[     [0;31m*[0m] (2 of 2) Job ldconfig.service/start running (1min 21s / no limit)
M[K[    [0;31m*[0;1;31m*[0m] (1 of 2) Job live-config.service/start running (1min 49s / no limit)
M[K[   [0;31m*[0;1;31m*[0m[0;31m*[0m] (1 of 2) Job live-config.service/start running (1min 49s / no limit)
M[K[  [0;31m*[0;1;31m*[0m[0;31m* [0m] (1 of 2) Job live-config.service/start running (1min 50s / no limit)
M[K[ [0;31m*[0;1;31m*[0m[0;31m*  [0m] (2 of 2) Job ldconfig.service/start running (1min 23s / no limit)
M[K[[0;31m*[0;1;31m*[0m[0;31m*   [0m] (2 of 2) Job ldconfig.service/start running (1min 23s / no limit)
M[K[[0;1;31m*[0m[0;31m*    [0m] (2 of 2) Job ldconfig.service/start running (1min 24s / no limit)
M[K[[0m[0;31m*     [0m] (1 of 2) Job live-config.service/start running (1min 52s / no limit)
M[K[[0;1;31m*[0m[0;31m*    [0m] (1 of 2) Job live-config.service/start running (1min 52s / no limit)
M[K[[0;31m*[0;1;31m*[0m[0;31m*   [0m] (1 of 2) Job live-config.service/start running (1min 53s / no limit)
M[K[ [0;31m*[0;1;31m*[0m[0;31m*  [0m] (2 of 2) Job ldconfig.service/start running (1min 26s / no limit)
M[K[  [0;31m*[0;1;31m*[0m[0;31m* [0m] (2 of 2) Job ldconfig.service/start running (1min 26s / no limit)
M[K[   [0;31m*[0;1;31m*[0m[0;31m*[0m] (2 of 2) Job ldconfig.service/start running (1min 27s / no limit)
M[K[    [0;31m*[0;1;31m*[0m] (1 of 2) Job live-config.service/start running (1min 55s / no limit)
M[K[     [0;31m*[0m] (1 of 2) Job live-config.service/start running (1min 55s / no limit)
M[K[    [0;31m*[0;1;31m*[0m] (1 of 2) Job live-config.service/start running (1min 56s / no limit)
M[K[   [0;31m*[0;1;31m*[0m[0;31m*[0m] (2 of 2) Job ldconfig.service/start running (1min 29s / no limit)
M[K[  [0;31m*[0;1;31m*[0m[0;31m* [0m] (2 of 2) Job ldconfig.service/start running (1min 29s / no limit)
M[K[ [0;31m*[0;1;31m*[0m[0;31m*  [0m] (2 of 2) Job ldconfig.service/start running (1min 30s / no limit)
M[K[[0;31m*[0;1;31m*[0m[0;31m*   [0m] (1 of 2) Job live-config.service/start running (1min 58s / no limit)
M[K[[0;1;31m*[0m[0;31m*    [0m] (1 of 2) Job live-config.service/start running (1min 58s / no limit)
M[K[[0m[0;31m*     [0m] (1 of 2) Job live-config.service/start running (1min 59s / no limit)
M[K[[0;1;31m*[0m[0;31m*    [0m] (2 of 2) Job ldconfig.service/start running (1min 32s / no limit)
M[K[[0;31m*[0;1;31m*[0m[0;31m*   [0m] (2 of 2) Job ldconfig.service/start running (1min 32s / no limit)
M[K[ [0;31m*[0;1;31m*[0m[0;31m*  [0m] (2 of 2) Job ldconfig.service/start running (1min 33s / no limit)
M[K[  [0;31m*[0;1;31m*[0m[0;31m* [0m] (1 of 2) Job live-config.service/start running (2min 1s / no limit)
M[K[   [0;31m*[0;1;31m*[0m[0;31m*[0m] (1 of 2) Job live-config.service/start running (2min 1s / no limit)
M[K[    [0;31m*[0;1;31m*[0m] (1 of 2) Job live-config.service/start running (2min 2s / no limit)
M[K[     [0;31m*[0m] (2 of 2) Job ldconfig.service/start running (1min 35s / no limit)
M[K[    [0;31m*[0;1;31m*[0m] (2 of 2) Job ldconfig.service/start running (1min 35s / no limit)
M[K[   [0;31m*[0;1;31m*[0m[0;31m*[0m] (2 of 2) Job ldconfig.service/start running (1min 36s / no limit)
M[K[  [0;31m*[0;1;31m*[0m[0;31m* [0m] (1 of 2) Job live-config.service/start running (2min 4s / no limit)
M[K[ [0;31m*[0;1;31m*[0m[0;31m*  [0m] (1 of 2) Job live-config.service/start running (2min 4s / no limit)
M[K[[0;31m*[0;1;31m*[0m[0;31m*   [0m] (1 of 2) Job live-config.service/start running (2min 5s / no limit)
M[K[[0;1;31m*[0m[0;31m*    [0m] (2 of 2) Job ldconfig.service/start running (1min 38s / no limit)
M[K[[0m[0;31m*     [0m] (2 of 2) Job ldconfig.service/start running (1min 38s / no limit)
M[K[[0;1;31m*[0m[0;31m*    [0m] (2 of 2) Job ldconfig.service/start running (1min 39s / no limit)
M[K[[0;31m*[0;1;31m*[0m[0;31m*   [0m] (1 of 2) Job live-config.service/start running (2min 7s / no limit)
M[K[ [0;31m*[0;1;31m*[0m[0;31m*  [0m] (1 of 2) Job live-config.service/start running (2min 7s / no limit)
M[K[  [0;31m*[0;1;31m*[0m[0;31m* [0m] (1 of 2) Job live-config.service/start running (2min 8s / no limit)
M[K[   [0;31m*[0;1;31m*[0m[0;31m*[0m] (2 of 2) Job ldconfig.service/start running (1min 41s / no limit)
M[K[    [0;31m*[0;1;31m*[0m] (2 of 2) Job ldconfig.service/start running (1min 41s / no limit)
M[K[     [0;31m*[0m] (2 of 2) Job ldconfig.service/start running (1min 42s / no limit)
M[K[    [0;31m*[0;1;31m*[0m] (1 of 2) Job live-config.service/start running (2min 10s / no limit)
M[K[   [0;31m*[0;1;31m*[0m[0;31m*[0m] (1 of 2) Job live-config.service/start running (2min 10s / no limit)
M[K[  [0;31m*[0;1;31m*[0m[0;31m* [0m] (1 of 2) Job live-config.service/start running (2min 11s / no limit)
M[K[ [0;31m*[0;1;31m*[0m[0;31m*  [0m] (2 of 2) Job ldconfig.service/start running (1min 44s / no limit)
M[K[[0;31m*[0;1;31m*[0m[0;31m*   [0m] (2 of 2) Job ldconfig.service/start running (1min 44s / no limit)
M[K[[0;1;31m*[0m[0;31m*    [0m] (2 of 2) Job ldconfig.service/start running (1min 45s / no limit)
M[K[[0m[0;31m*     [0m] (1 of 2) Job live-config.service/start running (2min 13s / no limit)
M[K[[0;1;31m*[0m[0;31m*    [0m] (1 of 2) Job live-config.service/start running (2min 13s / no limit)
M[K[[0;31m*[0;1;31m*[0m[0;31m*   [0m] (1 of 2) Job live-config.service/start running (2min 14s / no limit)
M[K[ [0;31m*[0;1;31m*[0m[0;31m*  [0m] (2 of 2) Job ldconfig.service/start running (1min 47s / no limit)
M[K[  [0;31m*[0;1;31m*[0m[0;31m* [0m] (2 of 2) Job ldconfig.service/start running (1min 47s / no limit)
M[K[   [0;31m*[0;1;31m*[0m[0;31m*[0m] (2 of 2) Job ldconfig.service/start running (1min 48s / no limit)
M[K[    [0;31m*[0;1;31m*[0m] (1 of 2) Job live-config.service/start running (2min 16s / no limit)
M[K[     [0;31m*[0m] (1 of 2) Job live-config.service/start running (2min 16s / no limit)
M[K[    [0;31m*[0;1;31m*[0m] (1 of 2) Job live-config.service/start running (2min 17s / no limit)
M[K[   [0;31m*[0;1;31m*[0m[0;31m*[0m] (2 of 2) Job ldconfig.service/start running (1min 50s / no limit)
M[K[  [0;31m*[0;1;31m*[0m[0;31m* [0m] (2 of 2) Job ldconfig.service/start running (1min 50s / no limit)
M[K[ [0;31m*[0;1;31m*[0m[0;31m*  [0m] (2 of 2) Job ldconfig.service/start running (1min 51s / no limit)
M[K[[0;31m*[0;1;31m*[0m[0;31m*   [0m] (1 of 2) Job live-config.service/start running (2min 19s / no limit)
M[K[[0;1;31m*[0m[0;31m*    [0m] (1 of 2) Job live-config.service/start running (2min 19s / no limit)
M[K[[0m[0;31m*     [0m] (1 of 2) Job live-config.service/start running (2min 20s / no limit)
M[K[[0;1;31m*[0m[0;31m*    [0m] (2 of 2) Job ldconfig.service/start running (1min 53s / no limit)
M[K[[0;31m*[0;1;31m*[0m[0;31m*   [0m] (2 of 2) Job ldconfig.service/start running (1min 53s / no limit)
M[K[ [0;31m*[0;1;31m*[0m[0;31m*  [0m] (2 of 2) Job ldconfig.service/start running (1min 54s / no limit)
M[K[  [0;31m*[0;1;31m*[0m[0;31m* [0m] (1 of 2) Job live-config.service/start running (2min 22s / no limit)
M[K[   [0;31m*[0;1;31m*[0m[0;31m*[0m] (1 of 2) Job live-config.service/start running (2min 22s / no limit)
M[K[    [0;31m*[0;1;31m*[0m] (1 of 2) Job live-config.service/start running (2min 23s / no limit)
M[K[     [0;31m*[0m] (2 of 2) Job ldconfig.service/start running (1min 56s / no limit)
M[K[    [0;31m*[0;1;31m*[0m] (2 of 2) Job ldconfig.service/start running (1min 56s / no limit)
M[K[   [0;31m*[0;1;31m*[0m[0;31m*[0m] (2 of 2) Job ldconfig.service/start running (1min 57s / no limit)
M[K[  [0;31m*[0;1;31m*[0m[0;31m* [0m] (1 of 2) Job live-config.service/start running (2min 25s / no limit)
M[K[ [0;31m*[0;1;31m*[0m[0;31m*  [0m] (1 of 2) Job live-config.service/start running (2min 25s / no limit)
M[K[[0;31m*[0;1;31m*[0m[0;31m*   [0m] (1 of 2) Job live-config.service/start running (2min 26s / no limit)
M[K[[0;1;31m*[0m[0;31m*    [0m] (2 of 2) Job ldconfig.service/start running (1min 59s / no limit)
M[K[[0m[0;31m*     [0m] (2 of 2) Job ldconfig.service/start running (1min 59s / no limit)
M[K[[0;1;31m*[0m[0;31m*    [0m] (2 of 2) Job ldconfig.service/start running (2min / no limit)
M[K[[0;31m*[0;1;31m*[0m[0;31m*   [0m] (1 of 2) Job live-config.service/start running (2min 28s / no limit)
M[K[ [0;31m*[0;1;31m*[0m[0;31m*  [0m] (1 of 2) Job live-config.service/start running (2min 28s / no limit)
M[K[  [0;31m*[0;1;31m*[0m[0;31m* [0m] (1 of 2) Job live-config.service/start running (2min 29s / no limit)
M[K[   [0;31m*[0;1;31m*[0m[0;31m*[0m] (2 of 2) Job ldconfig.service/start running (2min 2s / no limit)
M[K[    [0;31m*[0;1;31m*[0m] (2 of 2) Job ldconfig.service/start running (2min 2s / no limit)
M[K[     [0;31m*[0m] (2 of 2) Job ldconfig.service/start running (2min 3s / no limit)
M[K[    [0;31m*[0;1;31m*[0m] (1 of 2) Job live-config.service/start running (2min 31s / no limit)
M[K[   [0;31m*[0;1;31m*[0m[0;31m*[0m] (1 of 2) Job live-config.service/start running (2min 31s / no limit)
M[K[  [0;31m*[0;1;31m*[0m[0;31m* [0m] (1 of 2) Job live-config.service/start running (2min 32s / no limit)
M[K[ [0;31m*[0;1;31m*[0m[0;31m*  [0m] (2 of 2) Job ldconfig.service/start running (2min 5s / no limit)
M[K[[0;31m*[0;1;31m*[0m[0;31m*   [0m] (2 of 2) Job ldconfig.service/start running (2min 5s / no limit)
M[K[[0;1;31m*[0m[0;31m*    [0m] (2 of 2) Job ldconfig.service/start running (2min 6s / no limit)
M[K[[0m[0;31m*     [0m] (1 of 2) Job live-config.service/start running (2min 33s / no limit)
M[K[[0;1;31m*[0m[0;31m*    [0m] (1 of 2) Job live-config.service/start running (2min 34s / no limit)
M[K[[0;31m*[0;1;31m*[0m[0;31m*   [0m] (1 of 2) Job live-config.service/start running (2min 34s / no limit)
M[K[ [0;31m*[0;1;31m*[0m[0;31m*  [0m] (2 of 2) Job ldconfig.service/start running (2min 7s / no limit)
M[K[  [0;31m*[0;1;31m*[0m[0;31m* [0m] (2 of 2) Job ldconfig.service/start running (2min 8s / no limit)
M[K[   [0;31m*[0;1;31m*[0m[0;31m*[0m] (2 of 2) Job ldconfig.service/start running (2min 8s / no limit)
M[K[    [0;31m*[0;1;31m*[0m] (1 of 2) Job live-config.service/start running (2min 36s / no limit)
M[K[     [0;31m*[0m] (1 of 2) Job live-config.service/start running (2min 37s / no limit)
M[K[    [0;31m*[0;1;31m*[0m] (1 of 2) Job live-config.service/start running (2min 37s / no limit)
M[K[   [0;31m*[0;1;31m*[0m[0;31m*[0m] (2 of 2) Job ldconfig.service/start running (2min 10s / no limit)
M[K[  [0;31m*[0;1;31m*[0m[0;31m* [0m] (2 of 2) Job ldconfig.service/start running (2min 11s / no limit)
M[K[ [0;31m*[0;1;31m*[0m[0;31m*  [0m] (2 of 2) Job ldconfig.service/start running (2min 11s / no limit)
M[K[[0;31m*[0;1;31m*[0m[0;31m*   [0m] (1 of 2) Job live-config.service/start running (2min 39s / no limit)
M[K[[0;1;31m*[0m[0;31m*    [0m] (1 of 2) Job live-config.service/start running (2min 40s / no limit)
M[K[[0m[0;31m*     [0m] (1 of 2) Job live-config.service/start running (2min 40s / no limit)
M[K[[0;1;31m*[0m[0;31m*    [0m] (2 of 2) Job ldconfig.service/start running (2min 13s / no limit)
M[K[[0;31m*[0;1;31m*[0m[0;31m*   [0m] (2 of 2) Job ldconfig.service/start running (2min 14s / no limit)
M[K[ [0;31m*[0;1;31m*[0m[0;31m*  [0m] (2 of 2) Job ldconfig.service/start running (2min 14s / no limit)
M[K[  [0;31m*[0;1;31m*[0m[0;31m* [0m] (1 of 2) Job live-config.service/start running (2min 42s / no limit)
M[K[   [0;31m*[0;1;31m*[0m[0;31m*[0m] (1 of 2) Job live-config.service/start running (2min 43s / no limit)
M[K[    [0;31m*[0;1;31m*[0m] (1 of 2) Job live-config.service/start running (2min 43s / no limit)
M[K[     [0;31m*[0m] (2 of 2) Job ldconfig.service/start running (2min 16s / no limit)
M[K[    [0;31m*[0;1;31m*[0m] (2 of 2) Job ldconfig.service/start running (2min 17s / no limit)
M[K[   [0;31m*[0;1;31m*[0m[0;31m*[0m] (2 of 2) Job ldconfig.service/start running (2min 17s / no limit)
M[K[  [0;31m*[0;1;31m*[0m[0;31m* [0m] (1 of 2) Job live-config.service/start running (2min 45s / no limit)
M[K[ [0;31m*[0;1;31m*[0m[0;31m*  [0m] (1 of 2) Job live-config.service/start running (2min 46s / no limit)
M[K[[0;31m*[0;1;31m*[0m[0;31m*   [0m] (1 of 2) Job live-config.service/start running (2min 46s / no limit)
M[K[[0;1;31m*[0m[0;31m*    [0m] (2 of 2) Job ldconfig.service/start running (2min 19s / no limit)
M[K[[0m[0;31m*     [0m] (2 of 2) Job ldconfig.service/start running (2min 20s / no limit)
M[K[[0;1;31m*[0m[0;31m*    [0m] (2 of 2) Job ldconfig.service/start running (2min 20s / no limit)
M[K[[0;31m*[0;1;31m*[0m[0;31m*   [0m] (1 of 2) Job live-config.service/start running (2min 48s / no limit)
M[K[ [0;31m*[0;1;31m*[0m[0;31m*  [0m] (1 of 2) Job live-config.service/start running (2min 49s / no limit)
M[K[  [0;31m*[0;1;31m*[0m[0;31m* [0m] (1 of 2) Job live-config.service/start running (2min 49s / no limit)
M[K[   [0;31m*[0;1;31m*[0m[0;31m*[0m] (2 of 2) Job ldconfig.service/start running (2min 22s / no limit)
M[K[    [0;31m*[0;1;31m*[0m] (2 of 2) Job ldconfig.service/start running (2min 23s / no limit)
M[K[     [0;31m*[0m] (2 of 2) Job ldconfig.service/start running (2min 23s / no limit)
M[K[    [0;31m*[0;1;31m*[0m] (1 of 2) Job live-config.service/start running (2min 51s / no limit)
M[K[   [0;31m*[0;1;31m*[0m[0;31m*[0m] (1 of 2) Job live-config.service/start running (2min 52s / no limit)
M[K[  [0;31m*[0;1;31m*[0m[0;31m* [0m] (1 of 2) Job live-config.service/start running (2min 52s / no limit)
M[K[ [0;31m*[0;1;31m*[0m[0;31m*  [0m] (2 of 2) Job ldconfig.service/start running (2min 25s / no limit)
M[K[[0;31m*[0;1;31m*[0m[0;31m*   [0m] (2 of 2) Job ldconfig.service/start running (2min 26s / no limit)
M[K[[0;1;31m*[0m[0;31m*    [0m] (2 of 2) Job ldconfig.service/start running (2min 26s / no limit)
M[K[[0m[0;31m*     [0m] (1 of 2) Job live-config.service/start running (2min 54s / no limit)
M[K[[0;1;31m*[0m[0;31m*    [0m] (1 of 2) Job live-config.service/start running (2min 55s / no limit)
M[K[[0;32m  OK  [0m] Finished [0;1;39mlive-config.service[0m - liv…the boot process (late userspace)..
[K[[0;31m*[0;1;31m*[0m[0;31m*   [0m] Job ldconfig.service/start running (2min 30s / no limit)
M[K[ [0;31m*[0;1;31m*[0m[0;31m*  [0m] Job ldconfig.service/start running (2min 30s / no limit)
M[K[  [0;31m*[0;1;31m*[0m[0;31m* [0m] Job ldconfig.service/start running (2min 31s / no limit)
M[K[   [0;31m*[0;1;31m*[0m[0;31m*[0m] Job ldconfig.service/start running (2min 31s / no limit)
M[K[    [0;31m*[0;1;31m*[0m] Job ldconfig.service/start running (2min 32s / no limit)
M[K[     [0;31m*[0m] Job ldconfig.service/start running (2min 32s / no limit)
M[K[    [0;31m*[0;1;31m*[0m] Job ldconfig.service/start running (2min 33s / no limit)
M[K[   [0;31m*[0;1;31m*[0m[0;31m*[0m] Job ldconfig.service/start running (2min 33s / no limit)
M[K[  [0;31m*[0;1;31m*[0m[0;31m* [0m] Job ldconfig.service/start running (2min 34s / no limit)
M[K[ [0;31m*[0;1;31m*[0m[0;31m*  [0m] Job ldconfig.service/start running (2min 34s / no limit)
M[K[[0;31m*[0;1;31m*[0m[0;31m*   [0m] Job ldconfig.service/start running (2min 35s / no limit)
M[K[[0;1;31m*[0m[0;31m*    [0m] Job ldconfig.service/start running (2min 35s / no limit)
M[K[[0m[0;31m*     [0m] Job ldconfig.service/start running (2min 36s / no limit)
M[K[[0;1;31m*[0m[0;31m*    [0m] Job ldconfig.service/start running (2min 36s / no limit)
M[K[[0;31m*[0;1;31m*[0m[0;31m*   [0m] Job ldconfig.service/start running (2min 37s / no limit)
M[K[ [0;31m*[0;1;31m*[0m[0;31m*  [0m] Job ldconfig.service/start running (2min 37s / no limit)
M[K[  [0;31m*[0;1;31m*[0m[0;31m* [0m] Job ldconfig.service/start running (2min 38s / no limit)
M[K[   [0;31m*[0;1;31m*[0m[0;31m*[0m] Job ldconfig.service/start running (2min 38s / no limit)
M[K[    [0;31m*[0;1;31m*[0m] Job ldconfig.service/start running (2min 39s / no limit)
M[K[     [0;31m*[0m] Job ldconfig.service/start running (2min 39s / no limit)
M[K[    [0;31m*[0;1;31m*[0m] Job ldconfig.service/start running (2min 40s / no limit)
M[K[   [0;31m*[0;1;31m*[0m[0;31m*[0m] Job ldconfig.service/start running (2min 40s / no limit)
M[K[  [0;31m*[0;1;31m*[0m[0;31m* [0m] Job ldconfig.service/start running (2min 41s / no limit)
M[K[ [0;31m*[0;1;31m*[0m[0;31m*  [0m] Job ldconfig.service/start running (2min 41s / no limit)
M[K[[0;31m*[0;1;31m*[0m[0;31m*   [0m] Job ldconfig.service/start running (2min 42s / no limit)
M[K[[0;1;31m*[0m[0;31m*    [0m] Job ldconfig.service/start running (2min 42s / no limit)
M[K[[0m[0;31m*     [0m] Job ldconfig.service/start running (2min 43s / no limit)
M[K[[0;1;31m*[0m[0;31m*    [0m] Job ldconfig.service/start running (2min 43s / no limit)
M[K[[0;31m*[0;1;31m*[0m[0;31m*   [0m] Job ldconfig.service/start running (2min 44s / no limit)
M[K[ [0;31m*[0;1;31m*[0m[0;31m*  [0m] Job ldconfig.service/start running (2min 44s / no limit)
M[K[  [0;31m*[0;1;31m*[0m[0;31m* [0m] Job ldconfig.service/start running (2min 45s / no limit)
M[K[   [0;31m*[0;1;31m*[0m[0;31m*[0m] Job ldconfig.service/start running (2min 45s / no limit)
M[K[    [0;31m*[0;1;31m*[0m] Job ldconfig.service/start running (2min 46s / no limit)
M[K[     [0;31m*[0m] Job ldconfig.service/start running (2min 46s / no limit)
M[K[    [0;31m*[0;1;31m*[0m] Job ldconfig.service/start running (2min 47s / no limit)
M[K[   [0;31m*[0;1;31m*[0m[0;31m*[0m] Job ldconfig.service/start running (2min 47s / no limit)
M[K[  [0;31m*[0;1;31m*[0m[0;31m* [0m] Job ldconfig.service/start running (2min 48s / no limit)
M[K[ [0;31m*[0;1;31m*[0m[0;31m*  [0m] Job ldconfig.service/start running (2min 48s / no limit)
M[K[[0;31m*[0;1;31m*[0m[0;31m*   [0m] Job ldconfig.service/start running (2min 49s / no limit)
M[K[[0;1;31m*[0m[0;31m*    [0m] Job ldconfig.service/start running (2min 49s / no limit)
M[K[[0m[0;31m*     [0m] Job ldconfig.service/start running (2min 50s / no limit)
M[K[[0;1;31m*[0m[0;31m*    [0m] Job ldconfig.service/start running (2min 50s / no limit)
M[K[[0;31m*[0;1;31m*[0m[0;31m*   [0m] Job ldconfig.service/start running (2min 51s / no limit)
M[K[ [0;31m*[0;1;31m*[0m[0;31m*  [0m] Job ldconfig.service/start running (2min 51s / no limit)
M[K[  [0;31m*[0;1;31m*[0m[0;31m* [0m] Job ldconfig.service/start running (2min 52s / no limit)
M[K[   [0;31m*[0;1;31m*[0m[0;31m*[0m] Job ldconfig.service/start running (2min 52s / no limit)
M[K[    [0;31m*[0;1;31m*[0m] Job ldconfig.service/start running (2min 53s / no limit)
M[K[     [0;31m*[0m] Job ldconfig.service/start running (2min 53s / no limit)
M[K[    [0;31m*[0;1;31m*[0m] Job ldconfig.service/start running (2min 54s / no limit)
M[K[[0;32m  OK  [0m] Finished [0;1;39mldconfig.service[0m - Rebuild Dynamic Linker Cache.
[K         Starting [0;1;39msystemd-update-done.service[0m - Update is Completed...
[[0;32m  OK  [0m] Finished [0;1;39msystemd-update-done.service[0m - Update is Completed.
[[0;32m  OK  [0m] Reached target [0;1;39msysinit.target[0m - System Initialization.
[[0;32m  OK  [0m] Started [0;1;39mcups.path[0m - CUPS Scheduler.
[[0;32m  OK  [0m] Started [0;1;39mapt-daily.timer[0m - Daily apt download activities.
[[0;32m  OK  [0m] Started [0;1;39mapt-daily-upgrade.timer[0m - …y apt upgrade and clean activities.
[[0;32m  OK  [0m] Started [0;1;39mdpkg-db-backup.timer[0m - Daily dpkg database backup timer.
[[0;32m  OK  [0m] Started [0;1;39me2scrub_all.timer[0m - Period…Metadata Check for All Filesystems.
[[0;32m  OK  [0m] Started [0;1;39mfstrim.timer[0m - Discard unused filesystem blocks once a week.
[[0;32m  OK  [0m] Started [0;1;39mfwupd-refresh.timer[0m - Refresh fwupd metadata regularly.
[[0;32m  OK  [0m] Started [0;1;39mman-db.timer[0m - Daily man-db regeneration.
[[0;32m  OK  [0m] Started [0;1;39msystemd-tmpfiles-clean.tim…[0my Cleanup of Temporary Directories.
[[0;32m  OK  [0m] Reached target [0;1;39mpaths.target[0m - Path Units.
[[0;32m  OK  [0m] Reached target [0;1;39mtimers.target[0m - Timer Units.
[[0;32m  OK  [0m] Listening on [0;1;39mavahi-daemon.socket[0m -…DNS/DNS-SD Stack Activation Socket.
[[0;32m  OK  [0m] Listening on [0;1;39mcups.socket[0m - CUPS Scheduler.
[[0;32m  OK  [0m] Listening on [0;1;39mdbus.socket[0m - D-Bus System Message Bus Socket.
[[0;32m  OK  [0m] Listening on [0;1;39msystemd-hostnamed.socket[0m - Hostname Service Socket.
[[0;32m  OK  [0m] Listening on [0;1;39muuidd.socket[0m - UUID daemon activation socket.
[[0;32m  OK  [0m] Reached target [0;1;39msockets.target[0m - Socket Units.
[[0;32m  OK  [0m] Reached target [0;1;39mbasic.target[0m - Basic System.
         Starting [0;1;39maccounts-daemon.service[0m - Accounts Service...
         Starting [0;1;39mavahi-daemon.service[0m - Avahi mDNS/DNS-SD Stack...
         Starting [0;1;39mbnasec-firstboot.service[0m - BNAsec first boot configuration...
         Starting [0;1;39mbnasec-persist.service[0m - …ll-root persistence provisioning...
         Starting [0;1;39mdbus.service[0m - D-Bus System Message Bus...
         Starting [0;1;39me2scrub_reap.service[0m - Re…ne ext4 Metadata Check Snapshots...
[[0;32m  OK  [0m] Started [0;1;39mlow-memory-monitor.service[0m - Low Memory Monitor.
         Starting [0;1;39mpolkit.service[0m - Authorization Manager...
         Starting [0;1;39mswitcheroo-control.servic…[0mSwitcheroo Control Proxy service...
         Starting [0;1;39msystemd-logind.service[0m - User Login Management...
         Starting [0;1;39mudisks2.service[0m - Disk Manager...
[   [0;31m*[0;1;31m*[0m[0;31m*[0m] (6 of 10) Job avahi-daemon.service/…2s): avahi-daemon 0.8 starting up.
M[K[  [0;31m*[0;1;31m*[0m[0;31m* [0m] (6 of 10) Job avahi-daemon.service/…2s): avahi-daemon 0.8 starting up.
M[K[ [0;31m*[0;1;31m*[0m[0;31m*  [0m] (6 of 10) Job avahi-daemon.service/…2s): avahi-daemon 0.8 starting up.
M[K[[0;32m  OK  [0m] Started [0;1;39msystemd-logind.service[0m - User Login Management.
[K[[0;32m  OK  [0m] Finished [0;1;39me2scrub_reap.service[0m - Re…line ext4 Metadata Check Snapshots.
[bnasec-persist] only 0MiB free on /dev/sda — need >=2GiB, skipping
[[0;32m  OK  [0m] Finished [0;1;39mbnasec-persist.service[0m - …full-root persistence provisioning.
[[0;32m  OK  [0m] Started [0;1;39mdbus.service[0m - D-Bus System Message Bus.
         Starting [0;1;39mNetworkManager.service[0m - Network Manager...
         Starting [0;1;39mwpa_supplicant.service[0m - WPA supplicant...
[[0;32m  OK  [0m] Finished [0;1;39mbnasec-firstboot.service[0m - BNAsec first boot configuration.
[[0;32m  OK  [0m] Started [0;1;39mswitcheroo-control.service[0m - Switcheroo Control Proxy service.
[[0;32m  OK  [0m] Started [0;1;39mavahi-daemon.service[0m - Avahi mDNS/DNS-SD Stack.
[[0;32m  OK  [0m] Started [0;1;39mpolkit.service[0m - Authorization Manager.
         Starting [0;1;39mModemManager.service[0m - Modem Manager...
[[0;31m*[0;1;31m*[0m[0;31m*   [0m] (2 of 5) Job ModemManager.service/start running (3min 33s / 5min 1s)
M[K[[0;1;31m*[0m[0;31m*    [0m] (2 of 5) Job ModemManager.service/start running (3min 33s / 5min 1s)
M[K[[0;32m  OK  [0m] Started [0;1;39mwpa_supplicant.service[0m - WPA supplicant.
[K[[0;32m  OK  [0m] Started [0;1;39maccounts-daemon.service[0m - Accounts Service.
         Starting [0;1;39msystemd-hostnamed.service[0m - Hostname Service...
[[0;32m  OK  [0m] Started [0;1;39mudisks2.service[0m - Disk Manager.
[  378.862992] NET: Registered PF_QIPCRTR protocol family
[0;21;39mNET: Registered PF_QIPCRTR protocol family[0m
[[0;32m  OK  [0m] Started [0;1;39mModemManager.service[0m - Modem Manager.
[[0;32m  OK  [0m] Started [0;1;39msystemd-hostnamed.service[0m - Hostname Service.
[[0;32m  OK  [0m] Listening on [0;1;39msystemd-rfkill.socket[0m…ll Switch Status /dev/rfkill Watch.
         Starting [0;1;39mNetworkManager-dispatcher…[0manager Script Dispatcher Service...
[[0;32m  OK  [0m] Started [0;1;39mNetworkManager-dispatcher.…[0m Manager Script Dispatcher Service.
[  380.434602] e1000: ens3 NIC Link is Up 1000 Mbps Full Duplex, Flow Control: RX
[0;21;39me1000: ens3 NIC Link is Up 1000 Mbps Full Duplex, Flow Control: RX[0m
[[0;32m  OK  [0m] Started [0;1;39mNetworkManager.service[0m - Network Manager.
[[0;32m  OK  [0m] Reached target [0;1;39mnetwork.target[0m - Network.
         Starting [0;1;39mNetworkManager-wait-onlin…ce[0m - Network Manager Wait Online...
         Starting [0;1;39mcups.service[0m - CUPS Scheduler...
         Starting [0;1;39msystemd-user-sessions.service[0m - Permit User Sessions...
[[0;32m  OK  [0m] Finished [0;1;39msystemd-user-sessions.service[0m - Permit User Sessions.
         Starting [0;1;39mgdm.service[0m - GNOME Display Manager...
         Starting [0;1;39mplymouth-quit-wait.servic…[0md until boot process finishes up...
[[0;32m  OK  [0m] Started [0;1;39mcups.service[0m - CUPS Scheduler.
[[0;32m  OK  [0m] Reached target [0;1;39mprinter.target[0m - Printer Support.
[[0;32m  OK  [0m] Finished [0;1;39mNetworkManager-wait-onlin…vice[0m - Network Manager Wait Online.
[[0;32m  OK  [0m] Reached target [0;1;39mnetwork-online.target[0m - Network is Online.
[[0;32m  OK  [0m] Started [0;1;39mcups-browsed.service[0m - Mak…te CUPS printers available locally.
[[0;32m  OK  [0m] Started [0;1;39mgdm.service[0m - GNOME Display Manager.
[bnasec-persisttest] === persistence self-test ===
[bnasec-persisttest] overlays:
  / overlay overlay rw,noatime,lowerdir=/run/live/rootfs/filesystem.squashfs/,upperdir=/run/live/persistence/sda3/rw,workdir=/run/live/persistence/sda3/work,redirect_dir=on,uuid=on
[bnasec-persisttest] no pre-existing marker (fresh or non-persistent boot)
[bnasec-persisttest] marker now: 1789488379
[bnasec-persisttest] === done ===
[!p]104[?7h[6n[32766;32766H[6n[!p]104[?7h[6n[32766;32766H[6n
BNAsec 2.0.0 bnasec ttyS0
bnasec login: 